Item,date,daily_total_sales
Coffee,2023-01-01,28.0
Coffee,2023-01-02,31.5
Coffee,2023-01-03,70.0
Coffee,2023-01-04,59.5
Coffee,2023-01-05,49.0
Coffee,2023-01-06,80.5
Coffee,2023-01-07,17.5
Coffee,2023-01-08,17.5
Coffee,2023-01-09,87.5
Coffee,2023-01-10,108.5
Coffee,2023-01-11,56.0
Coffee,2023-01-12,94.5
Coffee,2023-01-13,101.5
Coffee,2023-01-14,14.0
Coffee,2023-01-15,21.0
Coffee,2023-01-16,77.0
Coffee,2023-01-17,101.5
Coffee,2023-01-18,63.0
Coffee,2023-01-19,77.0
Coffee,2023-01-20,84.0
Coffee,2023-01-21,10.5
Coffee,2023-01-22,52.5
Coffee,2023-01-23,59.5
Coffee,2023-01-24,164.5
Coffee,2023-01-25,70.0
Coffee,2023-01-26,73.5
Coffee,2023-01-27,63.0
Coffee,2023-01-28,24.5
Coffee,2023-01-29,24.5
Coffee,2023-01-30,161.0
Coffee,2023-01-31,91.0
Coffee,2023-02-01,77.0
Coffee,2023-02-02,70.0
Coffee,2023-02-03,38.5
Coffee,2023-02-04,10.5
Coffee,2023-02-05,28.0
Coffee,2023-02-06,63.0
Coffee,2023-02-07,87.5
Coffee,2023-02-08,63.0
Coffee,2023-02-09,45.5
Coffee,2023-02-10,87.5
Coffee,2023-02-11,17.5
Coffee,2023-02-12,45.5
Coffee,2023-02-13,91.0
Coffee,2023-02-14,73.5
Coffee,2023-02-15,91.0
Coffee,2023-02-16,73.5
Coffee,2023-02-17,56.0
Coffee,2023-02-18,45.5
Coffee,2023-02-19,14.0
Coffee,2023-02-20,87.5
Coffee,2023-02-21,80.5
Coffee,2023-02-22,91.0
Coffee,2023-02-23,171.5
Coffee,2023-02-24,49.0
Coffee,2023-02-25,28.0
Coffee,2023-02-26,35.0
Coffee,2023-02-27,182.0
Coffee,2023-02-28,108.5
Coffee,2023-03-01,52.5
Coffee,2023-03-02,38.5
Coffee,2023-03-03,84.0
Coffee,2023-03-04,10.5
Coffee,2023-03-05,10.5
Coffee,2023-03-06,38.5
Coffee,2023-03-07,59.5
Coffee,2023-03-08,52.5
Coffee,2023-03-09,66.5
Coffee,2023-03-10,70.0
Coffee,2023-03-11,35.0
Coffee,2023-03-12,0.0
Coffee,2023-03-13,63.0
Coffee,2023-03-14,63.0
Coffee,2023-03-15,63.0
Coffee,2023-03-16,24.5
Coffee,2023-03-17,38.5
Coffee,2023-03-18,3.5
Coffee,2023-03-19,24.5
Coffee,2023-03-20,28.0
Coffee,2023-03-21,70.0
Coffee,2023-03-22,42.0
Coffee,2023-03-23,101.5
Coffee,2023-03-24,84.0
Coffee,2023-03-25,10.5
Coffee,2023-03-26,7.0
Coffee,2023-03-27,63.0
Coffee,2023-03-28,66.5
Coffee,2023-03-29,143.5
Coffee,2023-03-30,73.5
Coffee,2023-03-31,91.0
Coffee,2023-04-01,0.0
Coffee,2023-04-02,14.0
Coffee,2023-04-03,45.5
Coffee,2023-04-04,108.5
Coffee,2023-04-05,63.0
Coffee,2023-04-06,80.5
Coffee,2023-04-07,56.0
Coffee,2023-04-08,21.0
Coffee,2023-04-09,17.5
Coffee,2023-04-10,52.5
Coffee,2023-04-11,49.0
Coffee,2023-04-12,91.0
Coffee,2023-04-13,49.0
Coffee,2023-04-14,38.5
Coffee,2023-04-15,17.5
Coffee,2023-04-16,21.0
Coffee,2023-04-17,45.5
Coffee,2023-04-18,49.0
Coffee,2023-04-19,56.0
Coffee,2023-04-20,52.5
Coffee,2023-04-21,87.5
Coffee,2023-04-22,24.5
Coffee,2023-04-23,21.0
Coffee,2023-04-24,70.0
Coffee,2023-04-25,49.0
Coffee,2023-04-26,84.0
Coffee,2023-04-27,45.5
Coffee,2023-04-28,77.0
Coffee,2023-04-29,24.5
Coffee,2023-04-30,28.0
Coffee,2023-05-01,45.5
Coffee,2023-05-02,77.0
Coffee,2023-05-03,52.5
Coffee,2023-05-04,7.0
Coffee,2023-05-05,49.0
Coffee,2023-05-06,24.5
Coffee,2023-05-07,17.5
Coffee,2023-05-08,63.0
Coffee,2023-05-09,38.5
Coffee,2023-05-10,49.0
Coffee,2023-05-11,73.5
Coffee,2023-05-12,59.5
Coffee,2023-05-13,17.5
Coffee,2023-05-14,21.0
Coffee,2023-05-15,66.5
Coffee,2023-05-16,45.5
Coffee,2023-05-17,73.5
Coffee,2023-05-18,63.0
Coffee,2023-05-19,45.5
Coffee,2023-05-20,0.0
Coffee,2023-05-21,31.5
Coffee,2023-05-22,94.5
Coffee,2023-05-23,108.5
Coffee,2023-05-24,28.0
Coffee,2023-05-25,115.5
Coffee,2023-05-26,91.0
Coffee,2023-05-27,10.5
Coffee,2023-05-28,24.5
Coffee,2023-05-29,108.5
Coffee,2023-05-30,52.5
Coffee,2023-05-31,42.0
Coffee,2023-06-01,42.0
Coffee,2023-06-02,10.5
Coffee,2023-06-03,35.0
Coffee,2023-06-04,52.5
Coffee,2023-06-05,52.5
Coffee,2023-06-06,45.5
Coffee,2023-06-07,35.0
Coffee,2023-06-08,31.5
Coffee,2023-06-09,28.0
Coffee,2023-06-10,17.5
Coffee,2023-06-11,7.0
Coffee,2023-06-12,77.0
Coffee,2023-06-13,45.5
Coffee,2023-06-14,17.5
Coffee,2023-06-15,77.0
Coffee,2023-06-16,56.0
Coffee,2023-06-17,17.5
Coffee,2023-06-18,3.5
Coffee,2023-06-19,35.0
Coffee,2023-06-20,66.5
Coffee,2023-06-21,28.0
Coffee,2023-06-22,38.5
Coffee,2023-06-23,49.0
Coffee,2023-06-24,10.5
Coffee,2023-06-25,24.5
Coffee,2023-06-26,45.5
Coffee,2023-06-27,56.0
Coffee,2023-06-28,17.5
Coffee,2023-06-29,42.0
Coffee,2023-06-30,24.5
Coffee,2023-07-01,3.5
Coffee,2023-07-02,21.0
Coffee,2023-07-03,24.5
Coffee,2023-07-04,3.5
Coffee,2023-07-05,49.0
Coffee,2023-07-06,31.5
Coffee,2023-07-07,21.0
Coffee,2023-07-08,14.0
Coffee,2023-07-09,17.5
Coffee,2023-07-10,3.5
Coffee,2023-07-11,66.5
Coffee,2023-07-12,24.5
Coffee,2023-07-13,14.0
Coffee,2023-07-14,28.0
Coffee,2023-07-15,3.5
Coffee,2023-07-16,14.0
Coffee,2023-07-17,63.0
Coffee,2023-07-18,42.0
Coffee,2023-07-19,38.5
Coffee,2023-07-20,28.0
Coffee,2023-07-21,35.0
Coffee,2023-07-22,21.0
Coffee,2023-07-23,14.0
Coffee,2023-07-24,59.5
Coffee,2023-07-25,49.0
Coffee,2023-07-26,31.5
Coffee,2023-07-27,87.5
Coffee,2023-07-28,59.5
Coffee,2023-07-29,14.0
Coffee,2023-07-30,10.5
Coffee,2023-07-31,42.0
Coffee,2023-08-01,21.0
Coffee,2023-08-02,56.0
Coffee,2023-08-03,17.5
Coffee,2023-08-04,45.5
Coffee,2023-08-05,14.0
Coffee,2023-08-06,3.5
Coffee,2023-08-07,21.0
Coffee,2023-08-08,73.5
Coffee,2023-08-09,52.5
Coffee,2023-08-10,38.5
Coffee,2023-08-11,17.5
Coffee,2023-08-12,24.5
Coffee,2023-08-13,10.5
Coffee,2023-08-14,31.5
Coffee,2023-08-15,63.0
Coffee,2023-08-16,63.0
Coffee,2023-08-17,87.5
Coffee,2023-08-18,35.0
Coffee,2023-08-19,7.0
Coffee,2023-08-20,24.5
Coffee,2023-08-21,28.0
Coffee,2023-08-22,17.5
Coffee,2023-08-23,38.5
Coffee,2023-08-24,49.0
Coffee,2023-08-25,21.0
Coffee,2023-08-26,14.0
Coffee,2023-08-27,21.0
Coffee,2023-08-28,45.5
Coffee,2023-08-29,17.5
Coffee,2023-08-30,63.0
Coffee,2023-08-31,45.5
Coffee,2023-09-01,91.0
Coffee,2023-09-02,7.0
Coffee,2023-09-03,10.5
Coffee,2023-09-04,52.5
Coffee,2023-09-05,45.5
Coffee,2023-09-06,28.0
Coffee,2023-09-07,59.5
Coffee,2023-09-08,45.5
Coffee,2023-09-09,21.0
Coffee,2023-09-10,24.5
Coffee,2023-09-11,49.0
Coffee,2023-09-12,94.5
Coffee,2023-09-13,98.0
Coffee,2023-09-14,66.5
Coffee,2023-09-15,42.0
Coffee,2023-09-16,35.0
Coffee,2023-09-17,35.0
Coffee,2023-09-18,21.0
Coffee,2023-09-19,49.0
Coffee,2023-09-20,42.0
Coffee,2023-09-21,38.5
Coffee,2023-09-22,66.5
Coffee,2023-09-23,14.0
Coffee,2023-09-24,14.0
Coffee,2023-09-25,66.5
Coffee,2023-09-26,66.5
Coffee,2023-09-27,101.5
Coffee,2023-09-28,73.5
Coffee,2023-09-29,35.0
Coffee,2023-09-30,31.5
Coffee,2023-10-01,10.5
Coffee,2023-10-02,59.5
Coffee,2023-10-03,66.5
Coffee,2023-10-04,87.5
Coffee,2023-10-05,52.5
Coffee,2023-10-06,94.5
Coffee,2023-10-07,28.0
Coffee,2023-10-08,28.0
Coffee,2023-10-09,63.0
Coffee,2023-10-10,84.0
Coffee,2023-10-11,42.0
Coffee,2023-10-12,59.5
Coffee,2023-10-13,24.5
Coffee,2023-10-14,10.5
Coffee,2023-10-15,49.0
Coffee,2023-10-16,119.0
Coffee,2023-10-17,70.0
Coffee,2023-10-18,66.5
Coffee,2023-10-19,70.0
Coffee,2023-10-20,84.0
Coffee,2023-10-21,24.5
Coffee,2023-10-22,17.5
Coffee,2023-10-23,28.0
Coffee,2023-10-24,73.5
Coffee,2023-10-25,42.0
Coffee,2023-10-26,77.0
Coffee,2023-10-27,66.5
Coffee,2023-10-28,21.0
Coffee,2023-10-29,7.0
Coffee,2023-10-30,66.5
Coffee,2023-10-31,91.0
Coffee,2023-11-01,52.5
Coffee,2023-11-02,119.0
Coffee,2023-11-03,77.0
Coffee,2023-11-04,17.5
Coffee,2023-11-05,14.0
Coffee,2023-11-06,98.0
Coffee,2023-11-07,66.5
Coffee,2023-11-08,73.5
Coffee,2023-11-09,73.5
Coffee,2023-11-10,119.0
Coffee,2023-11-11,21.0
Coffee,2023-11-12,24.5
Coffee,2023-11-13,77.0
Coffee,2023-11-14,140.0
Coffee,2023-11-15,126.0
Coffee,2023-11-16,94.5
Coffee,2023-11-17,94.5
Coffee,2023-11-18,10.5
Coffee,2023-11-19,17.5
Coffee,2023-11-20,38.5
Coffee,2023-11-21,73.5
Coffee,2023-11-22,66.5
Coffee,2023-11-23,77.0
Coffee,2023-11-24,126.0
Coffee,2023-11-25,14.0
Coffee,2023-11-26,28.0
Coffee,2023-11-27,91.0
Coffee,2023-11-28,84.0
Coffee,2023-11-29,115.5
Coffee,2023-11-30,66.5
Coffee,2023-12-01,108.5
Coffee,2023-12-02,7.0
Coffee,2023-12-03,49.0
Coffee,2023-12-04,56.0
Coffee,2023-12-05,87.5
Coffee,2023-12-06,101.5
Coffee,2023-12-07,80.5
Coffee,2023-12-08,70.0
Coffee,2023-12-09,31.5
Coffee,2023-12-10,38.5
Coffee,2023-12-11,45.5
Coffee,2023-12-12,35.0
Coffee,2023-12-13,80.5
Coffee,2023-12-14,56.0
Coffee,2023-12-15,66.5
Coffee,2023-12-16,35.0
Coffee,2023-12-17,10.5
Coffee,2023-12-18,87.5
Coffee,2023-12-19,119.0
Coffee,2023-12-20,94.5
Coffee,2023-12-21,56.0
Coffee,2023-12-22,70.0
Coffee,2023-12-23,35.0
Coffee,2023-12-24,42.0
Coffee,2023-12-25,31.5
Coffee,2023-12-26,63.0
Coffee,2023-12-27,66.5
Coffee,2023-12-28,84.0
Coffee,2023-12-29,84.0
Coffee,2023-12-30,31.5
Coffee,2023-12-31,31.5
Cookie,2023-01-02,12.5
Cookie,2023-01-03,2.5
Cookie,2023-01-04,10.0
Cookie,2023-01-05,7.5
Cookie,2023-01-06,12.5
Cookie,2023-01-07,5.0
Cookie,2023-01-08,2.5
Cookie,2023-01-09,0.0
Cookie,2023-01-10,17.5
Cookie,2023-01-11,27.5
Cookie,2023-01-12,35.0
Cookie,2023-01-13,32.5
Cookie,2023-01-14,7.5
Cookie,2023-01-15,17.5
Cookie,2023-01-16,20.0
Cookie,2023-01-17,22.5
Cookie,2023-01-18,40.0
Cookie,2023-01-19,20.0
Cookie,2023-01-20,32.5
Cookie,2023-01-21,7.5
Cookie,2023-01-22,0.0
Cookie,2023-01-23,15.0
Cookie,2023-01-24,7.5
Cookie,2023-01-25,30.0
Cookie,2023-01-26,27.5
Cookie,2023-01-27,15.0
Cookie,2023-01-28,7.5
Cookie,2023-01-29,0.0
Cookie,2023-01-30,12.5
Cookie,2023-01-31,17.5
Cookie,2023-02-01,5.0
Cookie,2023-02-02,7.5
Cookie,2023-02-03,15.0
Cookie,2023-02-04,15.0
Cookie,2023-02-05,7.5
Cookie,2023-02-06,5.0
Cookie,2023-02-07,15.0
Cookie,2023-02-08,5.0
Cookie,2023-02-09,2.5
Cookie,2023-02-10,17.5
Cookie,2023-02-11,20.0
Cookie,2023-02-12,0.0
Cookie,2023-02-13,15.0
Cookie,2023-02-14,7.5
Cookie,2023-02-15,12.5
Cookie,2023-02-16,7.5
Cookie,2023-02-17,17.5
Cookie,2023-02-18,0.0
Cookie,2023-02-19,7.5
Cookie,2023-02-20,45.0
Cookie,2023-02-21,20.0
Cookie,2023-02-22,32.5
Cookie,2023-02-23,17.5
Cookie,2023-02-24,10.0
Cookie,2023-02-25,5.0
Cookie,2023-02-26,0.0
Cookie,2023-02-27,12.5
Cookie,2023-02-28,10.0
Cookie,2023-03-01,10.0
Cookie,2023-03-02,47.5
Cookie,2023-03-03,17.5
Cookie,2023-03-04,15.0
Cookie,2023-03-05,7.5
Cookie,2023-03-06,15.0
Cookie,2023-03-07,10.0
Cookie,2023-03-08,7.5
Cookie,2023-03-09,12.5
Cookie,2023-03-10,17.5
Cookie,2023-03-11,7.5
Cookie,2023-03-12,5.0
Cookie,2023-03-13,5.0
Cookie,2023-03-14,30.0
Cookie,2023-03-15,37.5
Cookie,2023-03-16,20.0
Cookie,2023-03-17,12.5
Cookie,2023-03-18,0.0
Cookie,2023-03-19,15.0
Cookie,2023-03-20,12.5
Cookie,2023-03-21,25.0
Cookie,2023-03-22,25.0
Cookie,2023-03-23,17.5
Cookie,2023-03-24,12.5
Cookie,2023-03-25,10.0
Cookie,2023-03-26,0.0
Cookie,2023-03-27,12.5
Cookie,2023-03-28,35.0
Cookie,2023-03-29,17.5
Cookie,2023-03-30,32.5
Cookie,2023-03-31,22.5
Cookie,2023-04-01,0.0
Cookie,2023-04-02,0.0
Cookie,2023-04-03,7.5
Cookie,2023-04-04,35.0
Cookie,2023-04-05,12.5
Cookie,2023-04-06,2.5
Cookie,2023-04-07,12.5
Cookie,2023-04-08,0.0
Cookie,2023-04-09,7.5
Cookie,2023-04-10,2.5
Cookie,2023-04-11,2.5
Cookie,2023-04-12,27.5
Cookie,2023-04-13,42.5
Cookie,2023-04-14,15.0
Cookie,2023-04-15,15.0
Cookie,2023-04-16,7.5
Cookie,2023-04-17,37.5
Cookie,2023-04-18,27.5
Cookie,2023-04-19,25.0
Cookie,2023-04-20,10.0
Cookie,2023-04-21,5.0
Cookie,2023-04-22,7.5
Cookie,2023-04-23,2.5
Cookie,2023-04-24,7.5
Cookie,2023-04-25,15.0
Cookie,2023-04-26,10.0
Cookie,2023-04-27,10.0
Cookie,2023-04-28,15.0
Cookie,2023-04-29,5.0
Cookie,2023-04-30,12.5
Cookie,2023-05-01,22.5
Cookie,2023-05-02,0.0
Cookie,2023-05-03,22.5
Cookie,2023-05-04,5.0
Cookie,2023-05-05,22.5
Cookie,2023-05-06,2.5
Cookie,2023-05-07,25.0
Cookie,2023-05-08,0.0
Cookie,2023-05-09,12.5
Cookie,2023-05-10,15.0
Cookie,2023-05-11,0.0
Cookie,2023-05-12,7.5
Cookie,2023-05-13,0.0
Cookie,2023-05-14,0.0
Cookie,2023-05-15,5.0
Cookie,2023-05-16,25.0
Cookie,2023-05-17,5.0
Cookie,2023-05-18,10.0
Cookie,2023-05-19,22.5
Cookie,2023-05-20,0.0
Cookie,2023-05-21,0.0
Cookie,2023-05-22,5.0
Cookie,2023-05-23,2.5
Cookie,2023-05-24,7.5
Cookie,2023-05-25,22.5
Cookie,2023-05-26,7.5
Cookie,2023-05-27,5.0
Cookie,2023-05-28,10.0
Cookie,2023-05-29,10.0
Cookie,2023-05-30,35.0
Cookie,2023-05-31,0.0
Cookie,2023-06-01,7.5
Cookie,2023-06-02,15.0
Cookie,2023-06-03,12.5
Cookie,2023-06-04,2.5
Cookie,2023-06-05,25.0
Cookie,2023-06-06,20.0
Cookie,2023-06-07,10.0
Cookie,2023-06-08,7.5
Cookie,2023-06-09,27.5
Cookie,2023-06-10,0.0
Cookie,2023-06-11,0.0
Cookie,2023-06-12,22.5
Cookie,2023-06-13,7.5
Cookie,2023-06-14,5.0
Cookie,2023-06-15,7.5
Cookie,2023-06-16,2.5
Cookie,2023-06-17,15.0
Cookie,2023-06-18,0.0
Cookie,2023-06-19,12.5
Cookie,2023-06-20,10.0
Cookie,2023-06-21,27.5
Cookie,2023-06-22,22.5
Cookie,2023-06-23,7.5
Cookie,2023-06-24,7.5
Cookie,2023-06-25,2.5
Cookie,2023-06-26,30.0
Cookie,2023-06-27,25.0
Cookie,2023-06-28,17.5
Cookie,2023-06-29,25.0
Cookie,2023-06-30,5.0
Cookie,2023-07-01,7.5
Cookie,2023-07-02,0.0
Cookie,2023-07-03,0.0
Cookie,2023-07-04,5.0
Cookie,2023-07-05,25.0
Cookie,2023-07-06,10.0
Cookie,2023-07-07,12.5
Cookie,2023-07-08,0.0
Cookie,2023-07-09,12.5
Cookie,2023-07-10,27.5
Cookie,2023-07-11,35.0
Cookie,2023-07-12,12.5
Cookie,2023-07-13,27.5
Cookie,2023-07-14,5.0
Cookie,2023-07-15,5.0
Cookie,2023-07-16,5.0
Cookie,2023-07-17,10.0
Cookie,2023-07-18,20.0
Cookie,2023-07-19,0.0
Cookie,2023-07-20,47.5
Cookie,2023-07-21,12.5
Cookie,2023-07-22,22.5
Cookie,2023-07-23,7.5
Cookie,2023-07-24,7.5
Cookie,2023-07-25,2.5
Cookie,2023-07-26,10.0
Cookie,2023-07-27,32.5
Cookie,2023-07-28,25.0
Cookie,2023-07-29,5.0
Cookie,2023-07-30,15.0
Cookie,2023-07-31,22.5
Cookie,2023-08-01,20.0
Cookie,2023-08-02,22.5
Cookie,2023-08-03,15.0
Cookie,2023-08-04,20.0
Cookie,2023-08-05,7.5
Cookie,2023-08-06,2.5
Cookie,2023-08-07,7.5
Cookie,2023-08-08,25.0
Cookie,2023-08-09,22.5
Cookie,2023-08-10,20.0
Cookie,2023-08-11,5.0
Cookie,2023-08-12,10.0
Cookie,2023-08-13,5.0
Cookie,2023-08-14,15.0
Cookie,2023-08-15,17.5
Cookie,2023-08-16,5.0
Cookie,2023-08-17,5.0
Cookie,2023-08-18,2.5
Cookie,2023-08-19,15.0
Cookie,2023-08-20,10.0
Cookie,2023-08-21,15.0
Cookie,2023-08-22,10.0
Cookie,2023-08-23,25.0
Cookie,2023-08-24,25.0
Cookie,2023-08-25,72.5
Cookie,2023-08-26,2.5
Cookie,2023-08-27,15.0
Cookie,2023-08-28,15.0
Cookie,2023-08-29,15.0
Cookie,2023-08-30,37.5
Cookie,2023-08-31,22.5
Cookie,2023-09-01,10.0
Cookie,2023-09-02,12.5
Cookie,2023-09-03,15.0
Cookie,2023-09-04,22.5
Cookie,2023-09-05,15.0
Cookie,2023-09-06,25.0
Cookie,2023-09-07,7.5
Cookie,2023-09-08,12.5
Cookie,2023-09-09,2.5
Cookie,2023-09-10,5.0
Cookie,2023-09-11,5.0
Cookie,2023-09-12,25.0
Cookie,2023-09-13,10.0
Cookie,2023-09-14,15.0
Cookie,2023-09-15,15.0
Cookie,2023-09-16,2.5
Cookie,2023-09-17,0.0
Cookie,2023-09-18,22.5
Cookie,2023-09-19,25.0
Cookie,2023-09-20,32.5
Cookie,2023-09-21,0.0
Cookie,2023-09-22,17.5
Cookie,2023-09-23,0.0
Cookie,2023-09-24,0.0
Cookie,2023-09-25,2.5
Cookie,2023-09-26,7.5
Cookie,2023-09-27,20.0
Cookie,2023-09-28,27.5
Cookie,2023-09-29,12.5
Cookie,2023-09-30,0.0
Cookie,2023-10-01,0.0
Cookie,2023-10-02,20.0
Cookie,2023-10-03,0.0
Cookie,2023-10-04,7.5
Cookie,2023-10-05,15.0
Cookie,2023-10-06,0.0
Cookie,2023-10-07,10.0
Cookie,2023-10-08,17.5
Cookie,2023-10-09,15.0
Cookie,2023-10-10,17.5
Cookie,2023-10-11,12.5
Cookie,2023-10-12,32.5
Cookie,2023-10-13,12.5
Cookie,2023-10-14,7.5
Cookie,2023-10-15,10.0
Cookie,2023-10-16,5.0
Cookie,2023-10-17,22.5
Cookie,2023-10-18,17.5
Cookie,2023-10-19,25.0
Cookie,2023-10-20,2.5
Cookie,2023-10-21,10.0
Cookie,2023-10-22,0.0
Cookie,2023-10-23,5.0
Cookie,2023-10-24,20.0
Cookie,2023-10-25,25.0
Cookie,2023-10-26,25.0
Cookie,2023-10-27,20.0
Cookie,2023-10-28,7.5
Cookie,2023-10-29,0.0
Cookie,2023-10-30,15.0
Cookie,2023-10-31,12.5
Cookie,2023-11-01,10.0
Cookie,2023-11-02,12.5
Cookie,2023-11-03,22.5
Cookie,2023-11-04,0.0
Cookie,2023-11-05,2.5
Cookie,2023-11-06,15.0
Cookie,2023-11-07,17.5
Cookie,2023-11-08,22.5
Cookie,2023-11-09,17.5
Cookie,2023-11-10,7.5
Cookie,2023-11-11,0.0
Cookie,2023-11-12,0.0
Cookie,2023-11-13,22.5
Cookie,2023-11-14,12.5
Cookie,2023-11-15,0.0
Cookie,2023-11-16,10.0
Cookie,2023-11-17,7.5
Cookie,2023-11-18,0.0
Cookie,2023-11-19,12.5
Cookie,2023-11-20,12.5
Cookie,2023-11-21,12.5
Cookie,2023-11-22,25.0
Cookie,2023-11-23,15.0
Cookie,2023-11-24,7.5
Cookie,2023-11-25,5.0
Cookie,2023-11-26,7.5
Cookie,2023-11-27,10.0
Cookie,2023-11-28,7.5
Cookie,2023-11-29,15.0
Cookie,2023-11-30,12.5
Cookie,2023-12-01,15.0
Cookie,2023-12-02,17.5
Cookie,2023-12-03,7.5
Cookie,2023-12-04,12.5
Cookie,2023-12-05,2.5
Cookie,2023-12-06,12.5
Cookie,2023-12-07,10.0
Cookie,2023-12-08,10.0
Cookie,2023-12-09,17.5
Cookie,2023-12-10,2.5
Cookie,2023-12-11,10.0
Cookie,2023-12-12,0.0
Cookie,2023-12-13,10.0
Cookie,2023-12-14,5.0
Cookie,2023-12-15,7.5
Cookie,2023-12-16,10.0
Cookie,2023-12-17,12.5
Cookie,2023-12-18,5.0
Cookie,2023-12-19,12.5
Cookie,2023-12-20,10.0
Cookie,2023-12-21,22.5
Cookie,2023-12-22,25.0
Cookie,2023-12-23,0.0
Cookie,2023-12-24,2.5
Cookie,2023-12-25,12.5
Cookie,2023-12-26,2.5
Cookie,2023-12-27,5.0
Cookie,2023-12-28,17.5
Cookie,2023-12-29,2.5
Cookie,2023-12-30,12.5
Cookie,2023-12-31,10.0
Donut,2023-01-01,10.0
Donut,2023-01-02,18.0
Donut,2023-01-03,14.0
Donut,2023-01-04,24.0
Donut,2023-01-05,14.0
Donut,2023-01-06,16.0
Donut,2023-01-07,4.0
Donut,2023-01-08,4.0
Donut,2023-01-09,26.0
Donut,2023-01-10,10.0
Donut,2023-01-11,12.0
Donut,2023-01-12,18.0
Donut,2023-01-13,20.0
Donut,2023-01-14,0.0
Donut,2023-01-15,0.0
Donut,2023-01-16,8.0
Donut,2023-01-17,2.0
Donut,2023-01-18,2.0
Donut,2023-01-19,18.0
Donut,2023-01-20,14.0
Donut,2023-01-21,4.0
Donut,2023-01-22,0.0
Donut,2023-01-23,12.0
Donut,2023-01-24,12.0
Donut,2023-01-25,38.0
Donut,2023-01-26,4.0
Donut,2023-01-27,12.0
Donut,2023-01-28,4.0
Donut,2023-01-29,12.0
Donut,2023-01-30,32.0
Donut,2023-01-31,8.0
Donut,2023-02-01,16.0
Donut,2023-02-02,10.0
Donut,2023-02-03,14.0
Donut,2023-02-04,2.0
Donut,2023-02-05,4.0
Donut,2023-02-06,14.0
Donut,2023-02-07,16.0
Donut,2023-02-08,20.0
Donut,2023-02-09,20.0
Donut,2023-02-10,10.0
Donut,2023-02-11,0.0
Donut,2023-02-12,2.0
Donut,2023-02-13,24.0
Donut,2023-02-14,12.0
Donut,2023-02-15,14.0
Donut,2023-02-16,18.0
Donut,2023-02-17,16.0
Donut,2023-02-18,10.0
Donut,2023-02-19,0.0
Donut,2023-02-20,4.0
Donut,2023-02-21,18.0
Donut,2023-02-22,10.0
Donut,2023-02-23,0.0
Donut,2023-02-24,26.0
Donut,2023-02-25,4.0
Donut,2023-02-26,0.0
Donut,2023-02-27,12.0
Donut,2023-02-28,10.0
Donut,2023-03-01,12.0
Donut,2023-03-02,22.0
Donut,2023-03-03,24.0
Donut,2023-03-04,0.0
Donut,2023-03-05,0.0
Donut,2023-03-06,2.0
Donut,2023-03-07,38.0
Donut,2023-03-08,10.0
Donut,2023-03-09,18.0
Donut,2023-03-10,6.0
Donut,2023-03-11,0.0
Donut,2023-03-12,4.0
Donut,2023-03-13,14.0
Donut,2023-03-14,8.0
Donut,2023-03-15,0.0
Donut,2023-03-16,16.0
Donut,2023-03-17,32.0
Donut,2023-03-18,6.0
Donut,2023-03-19,0.0
Donut,2023-03-20,8.0
Donut,2023-03-21,4.0
Donut,2023-03-22,20.0
Donut,2023-03-23,10.0
Donut,2023-03-24,12.0
Donut,2023-03-25,0.0
Donut,2023-03-26,0.0
Donut,2023-03-27,14.0
Donut,2023-03-28,18.0
Donut,2023-03-29,16.0
Donut,2023-03-30,8.0
Donut,2023-03-31,10.0
Donut,2023-04-01,0.0
Donut,2023-04-02,0.0
Donut,2023-04-03,14.0
Donut,2023-04-04,0.0
Donut,2023-04-05,22.0
Donut,2023-04-06,12.0
Donut,2023-04-07,18.0
Donut,2023-04-08,2.0
Donut,2023-04-09,0.0
Donut,2023-04-10,10.0
Donut,2023-04-11,10.0
Donut,2023-04-12,10.0
Donut,2023-04-13,6.0
Donut,2023-04-14,8.0
Donut,2023-04-15,10.0
Donut,2023-04-16,14.0
Donut,2023-04-17,24.0
Donut,2023-04-18,28.0
Donut,2023-04-19,2.0
Donut,2023-04-20,14.0
Donut,2023-04-21,42.0
Donut,2023-04-22,4.0
Donut,2023-04-23,10.0
Donut,2023-04-24,22.0
Donut,2023-04-25,18.0
Donut,2023-04-26,12.0
Donut,2023-04-27,16.0
Donut,2023-04-28,0.0
Donut,2023-04-29,0.0
Donut,2023-04-30,4.0
Donut,2023-05-01,24.0
Donut,2023-05-02,12.0
Donut,2023-05-03,12.0
Donut,2023-05-04,10.0
Donut,2023-05-05,4.0
Donut,2023-05-06,0.0
Donut,2023-05-07,0.0
Donut,2023-05-08,26.0
Donut,2023-05-09,14.0
Donut,2023-05-10,26.0
Donut,2023-05-11,12.0
Donut,2023-05-12,18.0
Donut,2023-05-13,4.0
Donut,2023-05-14,0.0
Donut,2023-05-15,6.0
Donut,2023-05-16,2.0
Donut,2023-05-17,26.0
Donut,2023-05-18,4.0
Donut,2023-05-19,14.0
Donut,2023-05-20,4.0
Donut,2023-05-21,2.0
Donut,2023-05-22,8.0
Donut,2023-05-23,14.0
Donut,2023-05-24,16.0
Donut,2023-05-25,34.0
Donut,2023-05-26,30.0
Donut,2023-05-27,0.0
Donut,2023-05-28,4.0
Donut,2023-05-29,34.0
Donut,2023-05-30,12.0
Donut,2023-05-31,26.0
Donut,2023-06-01,20.0
Donut,2023-06-02,20.0
Donut,2023-06-03,2.0
Donut,2023-06-04,12.0
Donut,2023-06-05,2.0
Donut,2023-06-06,22.0
Donut,2023-06-07,4.0
Donut,2023-06-08,18.0
Donut,2023-06-09,24.0
Donut,2023-06-10,4.0
Donut,2023-06-11,0.0
Donut,2023-06-12,10.0
Donut,2023-06-13,10.0
Donut,2023-06-14,18.0
Donut,2023-06-15,30.0
Donut,2023-06-16,4.0
Donut,2023-06-17,12.0
Donut,2023-06-18,10.0
Donut,2023-06-19,10.0
Donut,2023-06-20,18.0
Donut,2023-06-21,10.0
Donut,2023-06-22,28.0
Donut,2023-06-23,20.0
Donut,2023-06-24,8.0
Donut,2023-06-25,10.0
Donut,2023-06-26,4.0
Donut,2023-06-27,6.0
Donut,2023-06-28,28.0
Donut,2023-06-29,14.0
Donut,2023-06-30,28.0
Donut,2023-07-01,2.0
Donut,2023-07-02,4.0
Donut,2023-07-03,8.0
Donut,2023-07-04,14.0
Donut,2023-07-05,28.0
Donut,2023-07-06,12.0
Donut,2023-07-07,4.0
Donut,2023-07-08,8.0
Donut,2023-07-09,12.0
Donut,2023-07-10,12.0
Donut,2023-07-11,14.0
Donut,2023-07-12,10.0
Donut,2023-07-13,10.0
Donut,2023-07-14,18.0
Donut,2023-07-15,0.0
Donut,2023-07-16,2.0
Donut,2023-07-17,16.0
Donut,2023-07-18,20.0
Donut,2023-07-19,4.0
Donut,2023-07-20,20.0
Donut,2023-07-21,14.0
Donut,2023-07-22,0.0
Donut,2023-07-23,0.0
Donut,2023-07-24,18.0
Donut,2023-07-25,18.0
Donut,2023-07-26,18.0
Donut,2023-07-27,6.0
Donut,2023-07-28,24.0
Donut,2023-07-29,4.0
Donut,2023-07-30,8.0
Donut,2023-07-31,20.0
Donut,2023-08-01,38.0
Donut,2023-08-02,14.0
Donut,2023-08-03,12.0
Donut,2023-08-04,12.0
Donut,2023-08-05,0.0
Donut,2023-08-06,26.0
Donut,2023-08-07,24.0
Donut,2023-08-08,10.0
Donut,2023-08-09,20.0
Donut,2023-08-10,22.0
Donut,2023-08-11,14.0
Donut,2023-08-12,4.0
Donut,2023-08-13,4.0
Donut,2023-08-14,0.0
Donut,2023-08-15,6.0
Donut,2023-08-16,30.0
Donut,2023-08-17,18.0
Donut,2023-08-18,16.0
Donut,2023-08-19,22.0
Donut,2023-08-20,8.0
Donut,2023-08-21,12.0
Donut,2023-08-22,6.0
Donut,2023-08-23,14.0
Donut,2023-08-24,6.0
Donut,2023-08-25,4.0
Donut,2023-08-26,0.0
Donut,2023-08-27,0.0
Donut,2023-08-28,18.0
Donut,2023-08-29,24.0
Donut,2023-08-30,4.0
Donut,2023-08-31,18.0
Donut,2023-09-01,30.0
Donut,2023-09-02,6.0
Donut,2023-09-03,4.0
Donut,2023-09-04,22.0
Donut,2023-09-05,10.0
Donut,2023-09-06,24.0
Donut,2023-09-07,4.0
Donut,2023-09-08,6.0
Donut,2023-09-09,0.0
Donut,2023-09-10,4.0
Donut,2023-09-11,10.0
Donut,2023-09-12,14.0
Donut,2023-09-13,16.0
Donut,2023-09-14,20.0
Donut,2023-09-15,14.0
Donut,2023-09-16,6.0
Donut,2023-09-17,6.0
Donut,2023-09-18,10.0
Donut,2023-09-19,26.0
Donut,2023-09-20,16.0
Donut,2023-09-21,18.0
Donut,2023-09-22,10.0
Donut,2023-09-23,8.0
Donut,2023-09-24,0.0
Donut,2023-09-25,10.0
Donut,2023-09-26,8.0
Donut,2023-09-27,32.0
Donut,2023-09-28,20.0
Donut,2023-09-29,14.0
Donut,2023-09-30,0.0
Donut,2023-10-01,0.0
Donut,2023-10-02,12.0
Donut,2023-10-03,16.0
Donut,2023-10-04,12.0
Donut,2023-10-05,14.0
Donut,2023-10-06,4.0
Donut,2023-10-07,6.0
Donut,2023-10-08,16.0
Donut,2023-10-09,30.0
Donut,2023-10-10,4.0
Donut,2023-10-11,12.0
Donut,2023-10-12,10.0
Donut,2023-10-13,14.0
Donut,2023-10-14,2.0
Donut,2023-10-15,8.0
Donut,2023-10-16,10.0
Donut,2023-10-17,4.0
Donut,2023-10-18,30.0
Donut,2023-10-19,14.0
Donut,2023-10-20,14.0
Donut,2023-10-21,0.0
Donut,2023-10-22,2.0
Donut,2023-10-23,18.0
Donut,2023-10-24,4.0
Donut,2023-10-25,22.0
Donut,2023-10-26,22.0
Donut,2023-10-27,20.0
Donut,2023-10-28,24.0
Donut,2023-10-29,2.0
Donut,2023-10-30,16.0
Donut,2023-10-31,10.0
Donut,2023-11-01,12.0
Donut,2023-11-02,18.0
Donut,2023-11-03,6.0
Donut,2023-11-04,0.0
Donut,2023-11-05,6.0
Donut,2023-11-06,12.0
Donut,2023-11-07,18.0
Donut,2023-11-08,6.0
Donut,2023-11-09,24.0
Donut,2023-11-10,18.0
Donut,2023-11-11,2.0
Donut,2023-11-12,10.0
Donut,2023-11-13,10.0
Donut,2023-11-14,10.0
Donut,2023-11-15,0.0
Donut,2023-11-16,0.0
Donut,2023-11-17,6.0
Donut,2023-11-18,2.0
Donut,2023-11-19,0.0
Donut,2023-11-20,4.0
Donut,2023-11-21,6.0
Donut,2023-11-22,14.0
Donut,2023-11-23,10.0
Donut,2023-11-24,18.0
Donut,2023-11-25,4.0
Donut,2023-11-26,4.0
Donut,2023-11-27,8.0
Donut,2023-11-28,10.0
Donut,2023-11-29,6.0
Donut,2023-11-30,4.0
Donut,2023-12-01,2.0
Donut,2023-12-02,6.0
Donut,2023-12-03,0.0
Donut,2023-12-04,20.0
Donut,2023-12-05,18.0
Donut,2023-12-06,26.0
Donut,2023-12-07,28.0
Donut,2023-12-08,42.0
Donut,2023-12-09,0.0
Donut,2023-12-10,0.0
Donut,2023-12-11,16.0
Donut,2023-12-12,28.0
Donut,2023-12-13,30.0
Donut,2023-12-14,2.0
Donut,2023-12-15,2.0
Donut,2023-12-16,12.0
Donut,2023-12-17,8.0
Donut,2023-12-18,8.0
Donut,2023-12-19,4.0
Donut,2023-12-20,14.0
Donut,2023-12-21,2.0
Donut,2023-12-22,36.0
Donut,2023-12-23,10.0
Donut,2023-12-24,2.0
Donut,2023-12-25,12.0
Donut,2023-12-26,12.0
Donut,2023-12-27,8.0
Donut,2023-12-28,8.0
Donut,2023-12-29,22.0
Donut,2023-12-30,2.0
Donut,2023-12-31,6.0
Juice,2023-01-02,9.0
Juice,2023-01-03,13.5
Juice,2023-01-04,22.5
Juice,2023-01-05,0.0
Juice,2023-01-06,4.5
Juice,2023-01-07,9.0
Juice,2023-01-08,0.0
Juice,2023-01-09,0.0
Juice,2023-01-10,4.5
Juice,2023-01-11,13.5
Juice,2023-01-12,9.0
Juice,2023-01-13,0.0
Juice,2023-01-14,0.0
Juice,2023-01-15,0.0
Juice,2023-01-16,13.5
Juice,2023-01-17,9.0
Juice,2023-01-18,18.0
Juice,2023-01-19,22.5
Juice,2023-01-20,0.0
Juice,2023-01-21,0.0
Juice,2023-01-22,0.0
Juice,2023-01-23,18.0
Juice,2023-01-24,0.0
Juice,2023-01-25,22.5
Juice,2023-01-26,0.0
Juice,2023-01-27,18.0
Juice,2023-01-28,0.0
Juice,2023-01-29,0.0
Juice,2023-01-30,0.0
Juice,2023-01-31,22.5
Juice,2023-02-01,13.5
Juice,2023-02-02,4.5
Juice,2023-02-03,0.0
Juice,2023-02-04,0.0
Juice,2023-02-05,4.5
Juice,2023-02-06,9.0
Juice,2023-02-07,4.5
Juice,2023-02-08,13.5
Juice,2023-02-09,9.0
Juice,2023-02-10,22.5
Juice,2023-02-11,0.0
Juice,2023-02-12,9.0
Juice,2023-02-13,22.5
Juice,2023-02-14,18.0
Juice,2023-02-15,0.0
Juice,2023-02-16,4.5
Juice,2023-02-17,13.5
Juice,2023-02-18,0.0
Juice,2023-02-19,18.0
Juice,2023-02-20,13.5
Juice,2023-02-21,0.0
Juice,2023-02-22,13.5
Juice,2023-02-23,0.0
Juice,2023-02-24,13.5
Juice,2023-02-25,0.0
Juice,2023-02-26,4.5
Juice,2023-02-27,4.5
Juice,2023-02-28,0.0
Juice,2023-03-01,9.0
Juice,2023-03-02,22.5
Juice,2023-03-03,22.5
Juice,2023-03-04,0.0
Juice,2023-03-05,4.5
Juice,2023-03-06,18.0
Juice,2023-03-07,0.0
Juice,2023-03-08,9.0
Juice,2023-03-09,36.0
Juice,2023-03-10,13.5
Juice,2023-03-11,0.0
Juice,2023-03-12,9.0
Juice,2023-03-13,22.5
Juice,2023-03-14,40.5
Juice,2023-03-15,9.0
Juice,2023-03-16,0.0
Juice,2023-03-17,13.5
Juice,2023-03-18,13.5
Juice,2023-03-19,0.0
Juice,2023-03-20,9.0
Juice,2023-03-21,4.5
Juice,2023-03-22,13.5
Juice,2023-03-23,22.5
Juice,2023-03-24,18.0
Juice,2023-03-25,13.5
Juice,2023-03-26,9.0
Juice,2023-03-27,27.0
Juice,2023-03-28,36.0
Juice,2023-03-29,27.0
Juice,2023-03-30,40.5
Juice,2023-03-31,22.5
Juice,2023-04-01,0.0
Juice,2023-04-02,31.5
Juice,2023-04-03,18.0
Juice,2023-04-04,13.5
Juice,2023-04-05,4.5
Juice,2023-04-06,36.0
Juice,2023-04-07,9.0
Juice,2023-04-08,27.0
Juice,2023-04-09,9.0
Juice,2023-04-10,18.0
Juice,2023-04-11,4.5
Juice,2023-04-12,27.0
Juice,2023-04-13,4.5
Juice,2023-04-14,76.5
Juice,2023-04-15,0.0
Juice,2023-04-16,4.5
Juice,2023-04-17,40.5
Juice,2023-04-18,18.0
Juice,2023-04-19,54.0
Juice,2023-04-20,31.5
Juice,2023-04-21,9.0
Juice,2023-04-22,0.0
Juice,2023-04-23,18.0
Juice,2023-04-24,4.5
Juice,2023-04-25,54.0
Juice,2023-04-26,22.5
Juice,2023-04-27,9.0
Juice,2023-04-28,31.5
Juice,2023-04-29,0.0
Juice,2023-04-30,4.5
Juice,2023-05-01,18.0
Juice,2023-05-02,13.5
Juice,2023-05-03,0.0
Juice,2023-05-04,31.5
Juice,2023-05-05,27.0
Juice,2023-05-06,0.0
Juice,2023-05-07,4.5
Juice,2023-05-08,4.5
Juice,2023-05-09,27.0
Juice,2023-05-10,4.5
Juice,2023-05-11,9.0
Juice,2023-05-12,18.0
Juice,2023-05-13,27.0
Juice,2023-05-14,0.0
Juice,2023-05-15,13.5
Juice,2023-05-16,0.0
Juice,2023-05-17,9.0
Juice,2023-05-18,18.0
Juice,2023-05-19,0.0
Juice,2023-05-20,0.0
Juice,2023-05-21,0.0
Juice,2023-05-22,49.5
Juice,2023-05-23,4.5
Juice,2023-05-24,49.5
Juice,2023-05-25,31.5
Juice,2023-05-26,36.0
Juice,2023-05-27,0.0
Juice,2023-05-28,0.0
Juice,2023-05-29,27.0
Juice,2023-05-30,4.5
Juice,2023-05-31,9.0
Juice,2023-06-01,4.5
Juice,2023-06-02,58.5
Juice,2023-06-03,13.5
Juice,2023-06-04,9.0
Juice,2023-06-05,9.0
Juice,2023-06-06,18.0
Juice,2023-06-07,18.0
Juice,2023-06-08,0.0
Juice,2023-06-09,58.5
Juice,2023-06-10,9.0
Juice,2023-06-11,22.5
Juice,2023-06-12,36.0
Juice,2023-06-13,67.5
Juice,2023-06-14,54.0
Juice,2023-06-15,58.5
Juice,2023-06-16,45.0
Juice,2023-06-17,18.0
Juice,2023-06-18,63.0
Juice,2023-06-19,45.0
Juice,2023-06-20,13.5
Juice,2023-06-21,13.5
Juice,2023-06-22,31.5
Juice,2023-06-23,22.5
Juice,2023-06-24,9.0
Juice,2023-06-25,0.0
Juice,2023-06-26,27.0
Juice,2023-06-27,27.0
Juice,2023-06-28,40.5
Juice,2023-06-29,85.5
Juice,2023-06-30,36.0
Juice,2023-07-01,18.0
Juice,2023-07-02,13.5
Juice,2023-07-03,54.0
Juice,2023-07-04,40.5
Juice,2023-07-05,4.5
Juice,2023-07-06,18.0
Juice,2023-07-07,45.0
Juice,2023-07-08,22.5
Juice,2023-07-09,9.0
Juice,2023-07-10,27.0
Juice,2023-07-11,40.5
Juice,2023-07-12,22.5
Juice,2023-07-13,27.0
Juice,2023-07-14,40.5
Juice,2023-07-15,45.0
Juice,2023-07-16,9.0
Juice,2023-07-17,18.0
Juice,2023-07-18,27.0
Juice,2023-07-19,36.0
Juice,2023-07-20,27.0
Juice,2023-07-21,36.0
Juice,2023-07-22,0.0
Juice,2023-07-23,0.0
Juice,2023-07-24,63.0
Juice,2023-07-25,36.0
Juice,2023-07-26,36.0
Juice,2023-07-27,45.0
Juice,2023-07-28,31.5
Juice,2023-07-29,9.0
Juice,2023-07-30,18.0
Juice,2023-07-31,36.0
Juice,2023-08-01,45.0
Juice,2023-08-02,0.0
Juice,2023-08-03,13.5
Juice,2023-08-04,45.0
Juice,2023-08-05,0.0
Juice,2023-08-06,9.0
Juice,2023-08-07,22.5
Juice,2023-08-08,13.5
Juice,2023-08-09,31.5
Juice,2023-08-10,0.0
Juice,2023-08-11,31.5
Juice,2023-08-12,4.5
Juice,2023-08-13,31.5
Juice,2023-08-14,18.0
Juice,2023-08-15,40.5
Juice,2023-08-16,27.0
Juice,2023-08-17,49.5
Juice,2023-08-18,45.0
Juice,2023-08-19,13.5
Juice,2023-08-20,27.0
Juice,2023-08-21,4.5
Juice,2023-08-22,31.5
Juice,2023-08-23,18.0
Juice,2023-08-24,54.0
Juice,2023-08-25,49.5
Juice,2023-08-26,0.0
Juice,2023-08-27,9.0
Juice,2023-08-28,18.0
Juice,2023-08-29,36.0
Juice,2023-08-30,49.5
Juice,2023-08-31,45.0
Juice,2023-09-01,13.5
Juice,2023-09-02,18.0
Juice,2023-09-03,4.5
Juice,2023-09-04,9.0
Juice,2023-09-05,27.0
Juice,2023-09-06,18.0
Juice,2023-09-07,9.0
Juice,2023-09-08,0.0
Juice,2023-09-09,0.0
Juice,2023-09-10,0.0
Juice,2023-09-11,36.0
Juice,2023-09-12,18.0
Juice,2023-09-13,0.0
Juice,2023-09-14,0.0
Juice,2023-09-15,22.5
Juice,2023-09-16,18.0
Juice,2023-09-17,9.0
Juice,2023-09-18,22.5
Juice,2023-09-19,4.5
Juice,2023-09-20,36.0
Juice,2023-09-21,40.5
Juice,2023-09-22,18.0
Juice,2023-09-23,9.0
Juice,2023-09-24,0.0
Juice,2023-09-25,18.0
Juice,2023-09-26,4.5
Juice,2023-09-27,4.5
Juice,2023-09-28,18.0
Juice,2023-09-29,36.0
Juice,2023-09-30,0.0
Juice,2023-10-01,22.5
Juice,2023-10-02,36.0
Juice,2023-10-03,0.0
Juice,2023-10-04,4.5
Juice,2023-10-05,13.5
Juice,2023-10-06,27.0
Juice,2023-10-07,0.0
Juice,2023-10-08,22.5
Juice,2023-10-09,0.0
Juice,2023-10-10,0.0
Juice,2023-10-11,18.0
Juice,2023-10-12,40.5
Juice,2023-10-13,9.0
Juice,2023-10-14,0.0
Juice,2023-10-15,0.0
Juice,2023-10-16,40.5
Juice,2023-10-17,22.5
Juice,2023-10-18,0.0
Juice,2023-10-19,18.0
Juice,2023-10-20,13.5
Juice,2023-10-21,27.0
Juice,2023-10-22,0.0
Juice,2023-10-23,9.0
Juice,2023-10-24,4.5
Juice,2023-10-25,4.5
Juice,2023-10-26,36.0
Juice,2023-10-27,22.5
Juice,2023-10-28,9.0
Juice,2023-10-29,0.0
Juice,2023-10-30,31.5
Juice,2023-10-31,0.0
Juice,2023-11-01,18.0
Juice,2023-11-02,0.0
Juice,2023-11-03,9.0
Juice,2023-11-04,0.0
Juice,2023-11-05,0.0
Juice,2023-11-06,18.0
Juice,2023-11-07,9.0
Juice,2023-11-08,0.0
Juice,2023-11-09,0.0
Juice,2023-11-10,4.5
Juice,2023-11-11,0.0
Juice,2023-11-12,0.0
Juice,2023-11-13,22.5
Juice,2023-11-14,9.0
Juice,2023-11-15,4.5
Juice,2023-11-16,4.5
Juice,2023-11-17,18.0
Juice,2023-11-18,0.0
Juice,2023-11-19,0.0
Juice,2023-11-20,13.5
Juice,2023-11-21,0.0
Juice,2023-11-22,18.0
Juice,2023-11-23,13.5
Juice,2023-11-24,9.0
Juice,2023-11-25,0.0
Juice,2023-11-26,0.0
Juice,2023-11-27,0.0
Juice,2023-11-28,31.5
Juice,2023-11-29,13.5
Juice,2023-11-30,4.5
Juice,2023-12-01,13.5
Juice,2023-12-02,4.5
Juice,2023-12-03,0.0
Juice,2023-12-04,0.0
Juice,2023-12-05,4.5
Juice,2023-12-06,0.0
Juice,2023-12-07,0.0
Juice,2023-12-08,4.5
Juice,2023-12-09,0.0
Juice,2023-12-10,0.0
Juice,2023-12-11,13.5
Juice,2023-12-12,22.5
Juice,2023-12-13,0.0
Juice,2023-12-14,13.5
Juice,2023-12-15,4.5
Juice,2023-12-16,0.0
Juice,2023-12-17,0.0
Juice,2023-12-18,9.0
Juice,2023-12-19,18.0
Juice,2023-12-20,0.0
Juice,2023-12-21,0.0
Juice,2023-12-22,13.5
Juice,2023-12-23,0.0
Juice,2023-12-24,0.0
Juice,2023-12-25,18.0
Juice,2023-12-26,22.5
Juice,2023-12-27,0.0
Juice,2023-12-28,0.0
Juice,2023-12-29,4.5
Refresher,2023-01-01,15.0
Refresher,2023-01-02,5.0
Refresher,2023-01-03,5.0
Refresher,2023-01-04,10.0
Refresher,2023-01-05,25.0
Refresher,2023-01-06,15.0
Refresher,2023-01-07,0.0
Refresher,2023-01-08,25.0
Refresher,2023-01-09,25.0
Refresher,2023-01-10,30.0
Refresher,2023-01-11,35.0
Refresher,2023-01-12,20.0
Refresher,2023-01-13,10.0
Refresher,2023-01-14,0.0
Refresher,2023-01-15,5.0
Refresher,2023-01-16,0.0
Refresher,2023-01-17,15.0
Refresher,2023-01-18,5.0
Refresher,2023-01-19,25.0
Refresher,2023-01-20,5.0
Refresher,2023-01-21,5.0
Refresher,2023-01-22,0.0
Refresher,2023-01-23,35.0
Refresher,2023-01-24,10.0
Refresher,2023-01-25,0.0
Refresher,2023-01-26,30.0
Refresher,2023-01-27,30.0
Refresher,2023-01-28,0.0
Refresher,2023-01-29,0.0
Refresher,2023-01-30,20.0
Refresher,2023-01-31,0.0
Refresher,2023-02-01,40.0
Refresher,2023-02-02,0.0
Refresher,2023-02-03,30.0
Refresher,2023-02-04,0.0
Refresher,2023-02-05,15.0
Refresher,2023-02-06,35.0
Refresher,2023-02-07,25.0
Refresher,2023-02-08,20.0
Refresher,2023-02-09,40.0
Refresher,2023-02-10,25.0
Refresher,2023-02-11,10.0
Refresher,2023-02-12,0.0
Refresher,2023-02-13,15.0
Refresher,2023-02-14,10.0
Refresher,2023-02-15,0.0
Refresher,2023-02-16,30.0
Refresher,2023-02-17,20.0
Refresher,2023-02-18,5.0
Refresher,2023-02-19,0.0
Refresher,2023-02-20,15.0
Refresher,2023-02-21,20.0
Refresher,2023-02-22,0.0
Refresher,2023-02-23,25.0
Refresher,2023-02-24,45.0
Refresher,2023-02-25,0.0
Refresher,2023-02-26,0.0
Refresher,2023-02-27,30.0
Refresher,2023-02-28,25.0
Refresher,2023-03-01,25.0
Refresher,2023-03-02,20.0
Refresher,2023-03-03,0.0
Refresher,2023-03-04,0.0
Refresher,2023-03-05,0.0
Refresher,2023-03-06,65.0
Refresher,2023-03-07,15.0
Refresher,2023-03-08,30.0
Refresher,2023-03-09,35.0
Refresher,2023-03-10,10.0
Refresher,2023-03-11,15.0
Refresher,2023-03-12,10.0
Refresher,2023-03-13,25.0
Refresher,2023-03-14,15.0
Refresher,2023-03-15,25.0
Refresher,2023-03-16,5.0
Refresher,2023-03-17,35.0
Refresher,2023-03-18,5.0
Refresher,2023-03-19,0.0
Refresher,2023-03-20,0.0
Refresher,2023-03-21,35.0
Refresher,2023-03-22,0.0
Refresher,2023-03-23,30.0
Refresher,2023-03-24,20.0
Refresher,2023-03-25,0.0
Refresher,2023-03-26,0.0
Refresher,2023-03-27,35.0
Refresher,2023-03-28,35.0
Refresher,2023-03-29,0.0
Refresher,2023-03-30,20.0
Refresher,2023-03-31,30.0
Refresher,2023-04-01,0.0
Refresher,2023-04-02,10.0
Refresher,2023-04-03,15.0
Refresher,2023-04-04,60.0
Refresher,2023-04-05,15.0
Refresher,2023-04-06,30.0
Refresher,2023-04-07,30.0
Refresher,2023-04-08,0.0
Refresher,2023-04-09,0.0
Refresher,2023-04-10,45.0
Refresher,2023-04-11,25.0
Refresher,2023-04-12,20.0
Refresher,2023-04-13,25.0
Refresher,2023-04-14,40.0
Refresher,2023-04-15,10.0
Refresher,2023-04-16,0.0
Refresher,2023-04-17,20.0
Refresher,2023-04-18,15.0
Refresher,2023-04-19,25.0
Refresher,2023-04-20,0.0
Refresher,2023-04-21,45.0
Refresher,2023-04-22,20.0
Refresher,2023-04-23,0.0
Refresher,2023-04-24,55.0
Refresher,2023-04-25,40.0
Refresher,2023-04-26,15.0
Refresher,2023-04-27,25.0
Refresher,2023-04-28,50.0
Refresher,2023-04-29,0.0
Refresher,2023-04-30,5.0
Refresher,2023-05-01,10.0
Refresher,2023-05-02,30.0
Refresher,2023-05-03,0.0
Refresher,2023-05-04,30.0
Refresher,2023-05-05,45.0
Refresher,2023-05-06,20.0
Refresher,2023-05-07,0.0
Refresher,2023-05-08,20.0
Refresher,2023-05-09,20.0
Refresher,2023-05-10,20.0
Refresher,2023-05-11,5.0
Refresher,2023-05-12,25.0
Refresher,2023-05-13,0.0
Refresher,2023-05-14,0.0
Refresher,2023-05-15,40.0
Refresher,2023-05-16,15.0
Refresher,2023-05-17,25.0
Refresher,2023-05-18,10.0
Refresher,2023-05-19,5.0
Refresher,2023-05-20,0.0
Refresher,2023-05-21,5.0
Refresher,2023-05-22,45.0
Refresher,2023-05-23,30.0
Refresher,2023-05-24,10.0
Refresher,2023-05-25,0.0
Refresher,2023-05-26,15.0
Refresher,2023-05-27,15.0
Refresher,2023-05-28,15.0
Refresher,2023-05-29,15.0
Refresher,2023-05-30,25.0
Refresher,2023-05-31,15.0
Refresher,2023-06-01,45.0
Refresher,2023-06-02,35.0
Refresher,2023-06-03,20.0
Refresher,2023-06-04,30.0
Refresher,2023-06-05,70.0
Refresher,2023-06-06,55.0
Refresher,2023-06-07,70.0
Refresher,2023-06-08,20.0
Refresher,2023-06-09,30.0
Refresher,2023-06-10,20.0
Refresher,2023-06-11,10.0
Refresher,2023-06-12,30.0
Refresher,2023-06-13,55.0
Refresher,2023-06-14,10.0
Refresher,2023-06-15,10.0
Refresher,2023-06-16,85.0
Refresher,2023-06-17,15.0
Refresher,2023-06-18,15.0
Refresher,2023-06-19,35.0
Refresher,2023-06-20,50.0
Refresher,2023-06-21,70.0
Refresher,2023-06-22,70.0
Refresher,2023-06-23,15.0
Refresher,2023-06-24,30.0
Refresher,2023-06-25,5.0
Refresher,2023-06-26,45.0
Refresher,2023-06-27,75.0
Refresher,2023-06-28,10.0
Refresher,2023-06-29,70.0
Refresher,2023-06-30,20.0
Refresher,2023-07-01,20.0
Refresher,2023-07-02,10.0
Refresher,2023-07-03,55.0
Refresher,2023-07-04,45.0
Refresher,2023-07-05,90.0
Refresher,2023-07-06,40.0
Refresher,2023-07-07,25.0
Refresher,2023-07-08,30.0
Refresher,2023-07-09,0.0
Refresher,2023-07-10,30.0
Refresher,2023-07-11,45.0
Refresher,2023-07-12,40.0
Refresher,2023-07-13,0.0
Refresher,2023-07-14,40.0
Refresher,2023-07-15,5.0
Refresher,2023-07-16,30.0
Refresher,2023-07-17,30.0
Refresher,2023-07-18,55.0
Refresher,2023-07-19,25.0
Refresher,2023-07-20,15.0
Refresher,2023-07-21,30.0
Refresher,2023-07-22,15.0
Refresher,2023-07-23,40.0
Refresher,2023-07-24,70.0
Refresher,2023-07-25,75.0
Refresher,2023-07-26,65.0
Refresher,2023-07-27,25.0
Refresher,2023-07-28,30.0
Refresher,2023-07-29,0.0
Refresher,2023-07-30,0.0
Refresher,2023-07-31,10.0
Refresher,2023-08-01,20.0
Refresher,2023-08-02,55.0
Refresher,2023-08-03,55.0
Refresher,2023-08-04,65.0
Refresher,2023-08-05,20.0
Refresher,2023-08-06,20.0
Refresher,2023-08-07,100.0
Refresher,2023-08-08,55.0
Refresher,2023-08-09,55.0
Refresher,2023-08-10,15.0
Refresher,2023-08-11,25.0
Refresher,2023-08-12,15.0
Refresher,2023-08-13,60.0
Refresher,2023-08-14,30.0
Refresher,2023-08-15,25.0
Refresher,2023-08-16,60.0
Refresher,2023-08-17,30.0
Refresher,2023-08-18,25.0
Refresher,2023-08-19,10.0
Refresher,2023-08-20,15.0
Refresher,2023-08-21,45.0
Refresher,2023-08-22,30.0
Refresher,2023-08-23,25.0
Refresher,2023-08-24,70.0
Refresher,2023-08-25,85.0
Refresher,2023-08-26,15.0
Refresher,2023-08-27,15.0
Refresher,2023-08-28,45.0
Refresher,2023-08-29,60.0
Refresher,2023-08-30,20.0
Refresher,2023-08-31,105.0
Refresher,2023-09-01,0.0
Refresher,2023-09-02,0.0
Refresher,2023-09-03,20.0
Refresher,2023-09-04,20.0
Refresher,2023-09-05,30.0
Refresher,2023-09-06,30.0
Refresher,2023-09-07,15.0
Refresher,2023-09-08,40.0
Refresher,2023-09-09,0.0
Refresher,2023-09-10,0.0
Refresher,2023-09-11,5.0
Refresher,2023-09-12,45.0
Refresher,2023-09-13,10.0
Refresher,2023-09-14,0.0
Refresher,2023-09-15,40.0
Refresher,2023-09-16,5.0
Refresher,2023-09-17,10.0
Refresher,2023-09-18,45.0
Refresher,2023-09-19,20.0
Refresher,2023-09-20,25.0
Refresher,2023-09-21,20.0
Refresher,2023-09-22,55.0
Refresher,2023-09-23,15.0
Refresher,2023-09-24,25.0
Refresher,2023-09-25,10.0
Refresher,2023-09-26,20.0
Refresher,2023-09-27,20.0
Refresher,2023-09-28,20.0
Refresher,2023-09-29,5.0
Refresher,2023-09-30,0.0
Refresher,2023-10-01,0.0
Refresher,2023-10-02,20.0
Refresher,2023-10-03,0.0
Refresher,2023-10-04,15.0
Refresher,2023-10-05,10.0
Refresher,2023-10-06,10.0
Refresher,2023-10-07,20.0
Refresher,2023-10-08,0.0
Refresher,2023-10-09,5.0
Refresher,2023-10-10,5.0
Refresher,2023-10-11,35.0
Refresher,2023-10-12,20.0
Refresher,2023-10-13,15.0
Refresher,2023-10-14,10.0
Refresher,2023-10-15,0.0
Refresher,2023-10-16,0.0
Refresher,2023-10-17,15.0
Refresher,2023-10-18,20.0
Refresher,2023-10-19,25.0
Refresher,2023-10-20,20.0
Refresher,2023-10-21,0.0
Refresher,2023-10-22,5.0
Refresher,2023-10-23,45.0
Refresher,2023-10-24,25.0
Refresher,2023-10-25,35.0
Refresher,2023-10-26,0.0
Refresher,2023-10-27,40.0
Refresher,2023-10-28,0.0
Refresher,2023-10-29,0.0
Refresher,2023-10-30,40.0
Refresher,2023-10-31,0.0
Refresher,2023-11-01,20.0
Refresher,2023-11-02,0.0
Refresher,2023-11-03,30.0
Refresher,2023-11-04,0.0
Refresher,2023-11-05,0.0
Refresher,2023-11-06,10.0
Refresher,2023-11-07,0.0
Refresher,2023-11-08,0.0
Refresher,2023-11-09,30.0
Refresher,2023-11-10,20.0
Refresher,2023-11-11,10.0
Refresher,2023-11-12,0.0
Refresher,2023-11-13,50.0
Refresher,2023-11-14,10.0
Refresher,2023-11-15,35.0
Refresher,2023-11-16,5.0
Refresher,2023-11-17,20.0
Refresher,2023-11-18,0.0
Refresher,2023-11-19,0.0
Refresher,2023-11-20,10.0
Refresher,2023-11-21,10.0
Refresher,2023-11-22,35.0
Refresher,2023-11-23,0.0
Refresher,2023-11-24,30.0
Refresher,2023-11-25,0.0
Refresher,2023-11-26,0.0
Refresher,2023-11-27,35.0
Refresher,2023-11-28,15.0
Refresher,2023-11-29,5.0
Refresher,2023-11-30,0.0
Refresher,2023-12-01,15.0
Refresher,2023-12-02,10.0
Refresher,2023-12-03,15.0
Refresher,2023-12-04,10.0
Refresher,2023-12-05,10.0
Refresher,2023-12-06,30.0
Refresher,2023-12-07,5.0
Refresher,2023-12-08,5.0
Refresher,2023-12-09,0.0
Refresher,2023-12-10,0.0
Refresher,2023-12-11,45.0
Refresher,2023-12-12,70.0
Refresher,2023-12-13,15.0
Refresher,2023-12-14,10.0
Refresher,2023-12-15,5.0
Refresher,2023-12-16,10.0
Refresher,2023-12-17,5.0
Refresher,2023-12-18,15.0
Refresher,2023-12-19,5.0
Refresher,2023-12-20,5.0
Refresher,2023-12-21,65.0
Refresher,2023-12-22,30.0
Refresher,2023-12-23,30.0
Refresher,2023-12-24,0.0
Refresher,2023-12-25,45.0
Refresher,2023-12-26,5.0
Refresher,2023-12-27,30.0
Refresher,2023-12-28,5.0
Refresher,2023-12-29,15.0
Refresher,2023-12-30,0.0
Refresher,2023-12-31,5.0
Salad,2023-01-02,63.0
Salad,2023-01-03,45.0
Salad,2023-01-04,90.0
Salad,2023-01-05,36.0
Salad,2023-01-06,9.0
Salad,2023-01-07,9.0
Salad,2023-01-08,0.0
Salad,2023-01-09,0.0
Salad,2023-01-10,9.0
Salad,2023-01-11,45.0
Salad,2023-01-12,72.0
Salad,2023-01-13,45.0
Salad,2023-01-14,0.0
Salad,2023-01-15,45.0
Salad,2023-01-16,99.0
Salad,2023-01-17,18.0
Salad,2023-01-18,81.0
Salad,2023-01-19,45.0
Salad,2023-01-20,18.0
Salad,2023-01-21,18.0
Salad,2023-01-22,0.0
Salad,2023-01-23,0.0
Salad,2023-01-24,63.0
Salad,2023-01-25,0.0
Salad,2023-01-26,9.0
Salad,2023-01-27,27.0
Salad,2023-01-28,36.0
Salad,2023-01-29,18.0
Salad,2023-01-30,18.0
Salad,2023-01-31,72.0
Salad,2023-02-01,27.0
Salad,2023-02-02,54.0
Salad,2023-02-03,36.0
Salad,2023-02-04,9.0
Salad,2023-02-05,9.0
Salad,2023-02-06,0.0
Salad,2023-02-07,54.0
Salad,2023-02-08,54.0
Salad,2023-02-09,27.0
Salad,2023-02-10,36.0
Salad,2023-02-11,36.0
Salad,2023-02-12,9.0
Salad,2023-02-13,81.0
Salad,2023-02-14,63.0
Salad,2023-02-15,18.0
Salad,2023-02-16,36.0
Salad,2023-02-17,72.0
Salad,2023-02-18,0.0
Salad,2023-02-19,18.0
Salad,2023-02-20,18.0
Salad,2023-02-21,99.0
Salad,2023-02-22,0.0
Salad,2023-02-23,45.0
Salad,2023-02-24,0.0
Salad,2023-02-25,27.0
Salad,2023-02-26,0.0
Salad,2023-02-27,0.0
Salad,2023-02-28,90.0
Salad,2023-03-01,18.0
Salad,2023-03-02,63.0
Salad,2023-03-03,18.0
Salad,2023-03-04,27.0
Salad,2023-03-05,0.0
Salad,2023-03-06,54.0
Salad,2023-03-07,72.0
Salad,2023-03-08,45.0
Salad,2023-03-09,54.0
Salad,2023-03-10,18.0
Salad,2023-03-11,0.0
Salad,2023-03-12,0.0
Salad,2023-03-13,0.0
Salad,2023-03-14,36.0
Salad,2023-03-15,36.0
Salad,2023-03-16,18.0
Salad,2023-03-17,36.0
Salad,2023-03-18,9.0
Salad,2023-03-19,0.0
Salad,2023-03-20,81.0
Salad,2023-03-21,18.0
Salad,2023-03-22,63.0
Salad,2023-03-23,18.0
Salad,2023-03-24,63.0
Salad,2023-03-25,9.0
Salad,2023-03-26,0.0
Salad,2023-03-27,63.0
Salad,2023-03-28,72.0
Salad,2023-03-29,27.0
Salad,2023-03-30,63.0
Salad,2023-03-31,54.0
Salad,2023-04-01,0.0
Salad,2023-04-02,27.0
Salad,2023-04-03,45.0
Salad,2023-04-04,45.0
Salad,2023-04-05,99.0
Salad,2023-04-06,72.0
Salad,2023-04-07,72.0
Salad,2023-04-08,9.0
Salad,2023-04-09,9.0
Salad,2023-04-10,0.0
Salad,2023-04-11,36.0
Salad,2023-04-12,63.0
Salad,2023-04-13,99.0
Salad,2023-04-14,81.0
Salad,2023-04-15,0.0
Salad,2023-04-16,36.0
Salad,2023-04-17,45.0
Salad,2023-04-18,54.0
Salad,2023-04-19,45.0
Salad,2023-04-20,27.0
Salad,2023-04-21,54.0
Salad,2023-04-22,9.0
Salad,2023-04-23,45.0
Salad,2023-04-24,9.0
Salad,2023-04-25,45.0
Salad,2023-04-26,54.0
Salad,2023-04-27,72.0
Salad,2023-04-28,45.0
Salad,2023-04-29,0.0
Salad,2023-04-30,0.0
Salad,2023-05-01,0.0
Salad,2023-05-02,99.0
Salad,2023-05-03,63.0
Salad,2023-05-04,45.0
Salad,2023-05-05,45.0
Salad,2023-05-06,63.0
Salad,2023-05-07,9.0
Salad,2023-05-08,18.0
Salad,2023-05-09,54.0
Salad,2023-05-10,45.0
Salad,2023-05-11,54.0
Salad,2023-05-12,108.0
Salad,2023-05-13,0.0
Salad,2023-05-14,18.0
Salad,2023-05-15,72.0
Salad,2023-05-16,18.0
Salad,2023-05-17,63.0
Salad,2023-05-18,18.0
Salad,2023-05-19,117.0
Salad,2023-05-20,18.0
Salad,2023-05-21,9.0
Salad,2023-05-22,108.0
Salad,2023-05-23,45.0
Salad,2023-05-24,81.0
Salad,2023-05-25,36.0
Salad,2023-05-26,99.0
Salad,2023-05-27,54.0
Salad,2023-05-28,0.0
Salad,2023-05-29,45.0
Salad,2023-05-30,54.0
Salad,2023-05-31,27.0
Salad,2023-06-01,54.0
Salad,2023-06-02,27.0
Salad,2023-06-03,27.0
Salad,2023-06-04,0.0
Salad,2023-06-05,72.0
Salad,2023-06-06,108.0
Salad,2023-06-07,36.0
Salad,2023-06-08,18.0
Salad,2023-06-09,144.0
Salad,2023-06-10,45.0
Salad,2023-06-11,27.0
Salad,2023-06-12,99.0
Salad,2023-06-13,63.0
Salad,2023-06-14,36.0
Salad,2023-06-15,45.0
Salad,2023-06-16,18.0
Salad,2023-06-17,36.0
Salad,2023-06-18,27.0
Salad,2023-06-19,9.0
Salad,2023-06-20,36.0
Salad,2023-06-21,0.0
Salad,2023-06-22,54.0
Salad,2023-06-23,27.0
Salad,2023-06-24,9.0
Salad,2023-06-25,0.0
Salad,2023-06-26,63.0
Salad,2023-06-27,99.0
Salad,2023-06-28,63.0
Salad,2023-06-29,0.0
Salad,2023-06-30,45.0
Salad,2023-07-01,9.0
Salad,2023-07-02,18.0
Salad,2023-07-03,72.0
Salad,2023-07-04,27.0
Salad,2023-07-05,27.0
Salad,2023-07-06,27.0
Salad,2023-07-07,54.0
Salad,2023-07-08,36.0
Salad,2023-07-09,0.0
Salad,2023-07-10,63.0
Salad,2023-07-11,36.0
Salad,2023-07-12,18.0
Salad,2023-07-13,54.0
Salad,2023-07-14,0.0
Salad,2023-07-15,9.0
Salad,2023-07-16,18.0
Salad,2023-07-17,108.0
Salad,2023-07-18,81.0
Salad,2023-07-19,0.0
Salad,2023-07-20,9.0
Salad,2023-07-21,54.0
Salad,2023-07-22,18.0
Salad,2023-07-23,54.0
Salad,2023-07-24,0.0
Salad,2023-07-25,63.0
Salad,2023-07-26,18.0
Salad,2023-07-27,18.0
Salad,2023-07-28,27.0
Salad,2023-07-29,0.0
Salad,2023-07-30,18.0
Salad,2023-07-31,72.0
Salad,2023-08-01,45.0
Salad,2023-08-02,54.0
Salad,2023-08-03,45.0
Salad,2023-08-04,72.0
Salad,2023-08-05,9.0
Salad,2023-08-06,27.0
Salad,2023-08-07,18.0
Salad,2023-08-08,9.0
Salad,2023-08-09,45.0
Salad,2023-08-10,9.0
Salad,2023-08-11,63.0
Salad,2023-08-12,9.0
Salad,2023-08-13,0.0
Salad,2023-08-14,81.0
Salad,2023-08-15,99.0
Salad,2023-08-16,36.0
Salad,2023-08-17,27.0
Salad,2023-08-18,45.0
Salad,2023-08-19,9.0
Salad,2023-08-20,27.0
Salad,2023-08-21,0.0
Salad,2023-08-22,18.0
Salad,2023-08-23,18.0
Salad,2023-08-24,45.0
Salad,2023-08-25,9.0
Salad,2023-08-26,9.0
Salad,2023-08-27,0.0
Salad,2023-08-28,90.0
Salad,2023-08-29,9.0
Salad,2023-08-30,36.0
Salad,2023-08-31,36.0
Salad,2023-09-01,63.0
Salad,2023-09-02,45.0
Salad,2023-09-03,9.0
Salad,2023-09-04,99.0
Salad,2023-09-05,9.0
Salad,2023-09-06,126.0
Salad,2023-09-07,36.0
Salad,2023-09-08,0.0
Salad,2023-09-09,0.0
Salad,2023-09-10,0.0
Salad,2023-09-11,9.0
Salad,2023-09-12,36.0
Salad,2023-09-13,9.0
Salad,2023-09-14,36.0
Salad,2023-09-15,36.0
Salad,2023-09-16,18.0
Salad,2023-09-17,36.0
Salad,2023-09-18,45.0
Salad,2023-09-19,63.0
Salad,2023-09-20,18.0
Salad,2023-09-21,54.0
Salad,2023-09-22,54.0
Salad,2023-09-23,36.0
Salad,2023-09-24,0.0
Salad,2023-09-25,54.0
Salad,2023-09-26,63.0
Salad,2023-09-27,27.0
Salad,2023-09-28,36.0
Salad,2023-09-29,45.0
Salad,2023-09-30,0.0
Salad,2023-10-01,0.0
Salad,2023-10-02,27.0
Salad,2023-10-03,54.0
Salad,2023-10-04,108.0
Salad,2023-10-05,54.0
Salad,2023-10-06,54.0
Salad,2023-10-07,27.0
Salad,2023-10-08,0.0
Salad,2023-10-09,90.0
Salad,2023-10-10,18.0
Salad,2023-10-11,0.0
Salad,2023-10-12,63.0
Salad,2023-10-13,45.0
Salad,2023-10-14,9.0
Salad,2023-10-15,27.0
Salad,2023-10-16,18.0
Salad,2023-10-17,45.0
Salad,2023-10-18,0.0
Salad,2023-10-19,0.0
Salad,2023-10-20,0.0
Salad,2023-10-21,0.0
Salad,2023-10-22,9.0
Salad,2023-10-23,54.0
Salad,2023-10-24,99.0
Salad,2023-10-25,54.0
Salad,2023-10-26,18.0
Salad,2023-10-27,36.0
Salad,2023-10-28,36.0
Salad,2023-10-29,9.0
Salad,2023-10-30,27.0
Salad,2023-10-31,72.0
Salad,2023-11-01,27.0
Salad,2023-11-02,9.0
Salad,2023-11-03,54.0
Salad,2023-11-04,27.0
Salad,2023-11-05,18.0
Salad,2023-11-06,72.0
Salad,2023-11-07,54.0
Salad,2023-11-08,63.0
Salad,2023-11-09,27.0
Salad,2023-11-10,54.0
Salad,2023-11-11,0.0
Salad,2023-11-12,0.0
Salad,2023-11-13,0.0
Salad,2023-11-14,63.0
Salad,2023-11-15,36.0
Salad,2023-11-16,108.0
Salad,2023-11-17,63.0
Salad,2023-11-18,27.0
Salad,2023-11-19,27.0
Salad,2023-11-20,45.0
Salad,2023-11-21,36.0
Salad,2023-11-22,81.0
Salad,2023-11-23,0.0
Salad,2023-11-24,0.0
Salad,2023-11-25,9.0
Salad,2023-11-26,0.0
Salad,2023-11-27,0.0
Salad,2023-11-28,90.0
Salad,2023-11-29,45.0
Salad,2023-11-30,9.0
Salad,2023-12-01,108.0
Salad,2023-12-02,27.0
Salad,2023-12-03,0.0
Salad,2023-12-04,0.0
Salad,2023-12-05,36.0
Salad,2023-12-06,18.0
Salad,2023-12-07,45.0
Salad,2023-12-08,27.0
Salad,2023-12-09,27.0
Salad,2023-12-10,0.0
Salad,2023-12-11,27.0
Salad,2023-12-12,72.0
Salad,2023-12-13,36.0
Salad,2023-12-14,0.0
Salad,2023-12-15,18.0
Salad,2023-12-16,63.0
Salad,2023-12-17,81.0
Salad,2023-12-18,27.0
Salad,2023-12-19,54.0
Salad,2023-12-20,0.0
Salad,2023-12-21,54.0
Salad,2023-12-22,45.0
Salad,2023-12-23,72.0
Salad,2023-12-24,0.0
Salad,2023-12-25,45.0
Salad,2023-12-26,9.0
Salad,2023-12-27,81.0
Salad,2023-12-28,9.0
Salad,2023-12-29,9.0
Salad,2023-12-30,18.0
Salad,2023-12-31,18.0
Sandwich,2023-01-01,40.0
Sandwich,2023-01-02,40.0
Sandwich,2023-01-03,40.0
Sandwich,2023-01-04,64.0
Sandwich,2023-01-05,56.0
Sandwich,2023-01-06,32.0
Sandwich,2023-01-07,24.0
Sandwich,2023-01-08,0.0
Sandwich,2023-01-09,168.0
Sandwich,2023-01-10,136.0
Sandwich,2023-01-11,56.0
Sandwich,2023-01-12,8.0
Sandwich,2023-01-13,96.0
Sandwich,2023-01-14,16.0
Sandwich,2023-01-15,72.0
Sandwich,2023-01-16,88.0
Sandwich,2023-01-17,24.0
Sandwich,2023-01-18,24.0
Sandwich,2023-01-19,80.0
Sandwich,2023-01-20,80.0
Sandwich,2023-01-21,16.0
Sandwich,2023-01-22,8.0
Sandwich,2023-01-23,80.0
Sandwich,2023-01-24,32.0
Sandwich,2023-01-25,64.0
Sandwich,2023-01-26,72.0
Sandwich,2023-01-27,112.0
Sandwich,2023-01-28,0.0
Sandwich,2023-01-29,40.0
Sandwich,2023-01-30,48.0
Sandwich,2023-01-31,40.0
Sandwich,2023-02-01,0.0
Sandwich,2023-02-02,24.0
Sandwich,2023-02-03,104.0
Sandwich,2023-02-04,8.0
Sandwich,2023-02-05,24.0
Sandwich,2023-02-06,80.0
Sandwich,2023-02-07,56.0
Sandwich,2023-02-08,40.0
Sandwich,2023-02-09,104.0
Sandwich,2023-02-10,56.0
Sandwich,2023-02-11,24.0
Sandwich,2023-02-12,24.0
Sandwich,2023-02-13,32.0
Sandwich,2023-02-14,40.0
Sandwich,2023-02-15,136.0
Sandwich,2023-02-16,120.0
Sandwich,2023-02-17,112.0
Sandwich,2023-02-18,32.0
Sandwich,2023-02-19,16.0
Sandwich,2023-02-20,96.0
Sandwich,2023-02-21,40.0
Sandwich,2023-02-22,80.0
Sandwich,2023-02-23,72.0
Sandwich,2023-02-24,120.0
Sandwich,2023-02-25,0.0
Sandwich,2023-02-26,24.0
Sandwich,2023-02-27,56.0
Sandwich,2023-02-28,80.0
Sandwich,2023-03-01,112.0
Sandwich,2023-03-02,136.0
Sandwich,2023-03-03,32.0
Sandwich,2023-03-04,16.0
Sandwich,2023-03-05,0.0
Sandwich,2023-03-06,24.0
Sandwich,2023-03-07,176.0
Sandwich,2023-03-08,48.0
Sandwich,2023-03-09,96.0
Sandwich,2023-03-10,32.0
Sandwich,2023-03-11,0.0
Sandwich,2023-03-12,8.0
Sandwich,2023-03-13,48.0
Sandwich,2023-03-14,88.0
Sandwich,2023-03-15,80.0
Sandwich,2023-03-16,144.0
Sandwich,2023-03-17,48.0
Sandwich,2023-03-18,48.0
Sandwich,2023-03-19,16.0
Sandwich,2023-03-20,56.0
Sandwich,2023-03-21,120.0
Sandwich,2023-03-22,40.0
Sandwich,2023-03-23,80.0
Sandwich,2023-03-24,72.0
Sandwich,2023-03-25,0.0
Sandwich,2023-03-26,8.0
Sandwich,2023-03-27,24.0
Sandwich,2023-03-28,40.0
Sandwich,2023-03-29,88.0
Sandwich,2023-03-30,32.0
Sandwich,2023-03-31,40.0
Sandwich,2023-04-01,16.0
Sandwich,2023-04-02,8.0
Sandwich,2023-04-03,40.0
Sandwich,2023-04-04,40.0
Sandwich,2023-04-05,112.0
Sandwich,2023-04-06,48.0
Sandwich,2023-04-07,64.0
Sandwich,2023-04-08,32.0
Sandwich,2023-04-09,0.0
Sandwich,2023-04-10,48.0
Sandwich,2023-04-11,24.0
Sandwich,2023-04-12,56.0
Sandwich,2023-04-13,48.0
Sandwich,2023-04-14,136.0
Sandwich,2023-04-15,16.0
Sandwich,2023-04-16,24.0
Sandwich,2023-04-17,56.0
Sandwich,2023-04-18,48.0
Sandwich,2023-04-19,80.0
Sandwich,2023-04-20,8.0
Sandwich,2023-04-21,96.0
Sandwich,2023-04-22,16.0
Sandwich,2023-04-23,48.0
Sandwich,2023-04-24,112.0
Sandwich,2023-04-25,104.0
Sandwich,2023-04-26,80.0
Sandwich,2023-04-27,88.0
Sandwich,2023-04-28,104.0
Sandwich,2023-04-29,8.0
Sandwich,2023-04-30,32.0
Sandwich,2023-05-01,96.0
Sandwich,2023-05-02,48.0
Sandwich,2023-05-03,32.0
Sandwich,2023-05-04,88.0
Sandwich,2023-05-05,72.0
Sandwich,2023-05-06,16.0
Sandwich,2023-05-07,24.0
Sandwich,2023-05-08,96.0
Sandwich,2023-05-09,112.0
Sandwich,2023-05-10,64.0
Sandwich,2023-05-11,136.0
Sandwich,2023-05-12,72.0
Sandwich,2023-05-13,80.0
Sandwich,2023-05-14,24.0
Sandwich,2023-05-15,56.0
Sandwich,2023-05-16,80.0
Sandwich,2023-05-17,152.0
Sandwich,2023-05-18,80.0
Sandwich,2023-05-19,64.0
Sandwich,2023-05-20,8.0
Sandwich,2023-05-21,32.0
Sandwich,2023-05-22,72.0
Sandwich,2023-05-23,128.0
Sandwich,2023-05-24,104.0
Sandwich,2023-05-25,24.0
Sandwich,2023-05-26,120.0
Sandwich,2023-05-27,0.0
Sandwich,2023-05-28,40.0
Sandwich,2023-05-29,56.0
Sandwich,2023-05-30,24.0
Sandwich,2023-05-31,40.0
Sandwich,2023-06-01,40.0
Sandwich,2023-06-02,40.0
Sandwich,2023-06-03,16.0
Sandwich,2023-06-04,0.0
Sandwich,2023-06-05,96.0
Sandwich,2023-06-06,32.0
Sandwich,2023-06-07,56.0
Sandwich,2023-06-08,72.0
Sandwich,2023-06-09,0.0
Sandwich,2023-06-10,0.0
Sandwich,2023-06-11,8.0
Sandwich,2023-06-12,80.0
Sandwich,2023-06-13,88.0
Sandwich,2023-06-14,96.0
Sandwich,2023-06-15,112.0
Sandwich,2023-06-16,16.0
Sandwich,2023-06-17,8.0
Sandwich,2023-06-18,16.0
Sandwich,2023-06-19,72.0
Sandwich,2023-06-20,72.0
Sandwich,2023-06-21,80.0
Sandwich,2023-06-22,160.0
Sandwich,2023-06-23,16.0
Sandwich,2023-06-24,24.0
Sandwich,2023-06-25,32.0
Sandwich,2023-06-26,72.0
Sandwich,2023-06-27,96.0
Sandwich,2023-06-28,104.0
Sandwich,2023-06-29,56.0
Sandwich,2023-06-30,48.0
Sandwich,2023-07-01,32.0
Sandwich,2023-07-02,16.0
Sandwich,2023-07-03,16.0
Sandwich,2023-07-04,64.0
Sandwich,2023-07-05,64.0
Sandwich,2023-07-06,24.0
Sandwich,2023-07-07,128.0
Sandwich,2023-07-08,0.0
Sandwich,2023-07-09,24.0
Sandwich,2023-07-10,128.0
Sandwich,2023-07-11,32.0
Sandwich,2023-07-12,40.0
Sandwich,2023-07-13,32.0
Sandwich,2023-07-14,40.0
Sandwich,2023-07-15,8.0
Sandwich,2023-07-16,0.0
Sandwich,2023-07-17,72.0
Sandwich,2023-07-18,112.0
Sandwich,2023-07-19,16.0
Sandwich,2023-07-20,40.0
Sandwich,2023-07-21,40.0
Sandwich,2023-07-22,56.0
Sandwich,2023-07-23,16.0
Sandwich,2023-07-24,16.0
Sandwich,2023-07-25,16.0
Sandwich,2023-07-26,80.0
Sandwich,2023-07-27,40.0
Sandwich,2023-07-28,56.0
Sandwich,2023-07-29,24.0
Sandwich,2023-07-30,0.0
Sandwich,2023-07-31,40.0
Sandwich,2023-08-01,72.0
Sandwich,2023-08-02,48.0
Sandwich,2023-08-03,96.0
Sandwich,2023-08-04,112.0
Sandwich,2023-08-05,8.0
Sandwich,2023-08-06,40.0
Sandwich,2023-08-07,136.0
Sandwich,2023-08-08,64.0
Sandwich,2023-08-09,128.0
Sandwich,2023-08-10,48.0
Sandwich,2023-08-11,64.0
Sandwich,2023-08-12,40.0
Sandwich,2023-08-13,56.0
Sandwich,2023-08-14,72.0
Sandwich,2023-08-15,88.0
Sandwich,2023-08-16,24.0
Sandwich,2023-08-17,64.0
Sandwich,2023-08-18,136.0
Sandwich,2023-08-19,32.0
Sandwich,2023-08-20,0.0
Sandwich,2023-08-21,48.0
Sandwich,2023-08-22,64.0
Sandwich,2023-08-23,8.0
Sandwich,2023-08-24,56.0
Sandwich,2023-08-25,56.0
Sandwich,2023-08-26,24.0
Sandwich,2023-08-27,0.0
Sandwich,2023-08-28,48.0
Sandwich,2023-08-29,48.0
Sandwich,2023-08-30,64.0
Sandwich,2023-08-31,120.0
Sandwich,2023-09-01,64.0
Sandwich,2023-09-02,24.0
Sandwich,2023-09-03,32.0
Sandwich,2023-09-04,104.0
Sandwich,2023-09-05,56.0
Sandwich,2023-09-06,112.0
Sandwich,2023-09-07,48.0
Sandwich,2023-09-08,64.0
Sandwich,2023-09-09,0.0
Sandwich,2023-09-10,8.0
Sandwich,2023-09-11,168.0
Sandwich,2023-09-12,56.0
Sandwich,2023-09-13,40.0
Sandwich,2023-09-14,56.0
Sandwich,2023-09-15,88.0
Sandwich,2023-09-16,24.0
Sandwich,2023-09-17,24.0
Sandwich,2023-09-18,96.0
Sandwich,2023-09-19,64.0
Sandwich,2023-09-20,112.0
Sandwich,2023-09-21,24.0
Sandwich,2023-09-22,72.0
Sandwich,2023-09-23,0.0
Sandwich,2023-09-24,0.0
Sandwich,2023-09-25,96.0
Sandwich,2023-09-26,48.0
Sandwich,2023-09-27,48.0
Sandwich,2023-09-28,120.0
Sandwich,2023-09-29,32.0
Sandwich,2023-09-30,8.0
Sandwich,2023-10-01,24.0
Sandwich,2023-10-02,56.0
Sandwich,2023-10-03,72.0
Sandwich,2023-10-04,80.0
Sandwich,2023-10-05,40.0
Sandwich,2023-10-06,96.0
Sandwich,2023-10-07,32.0
Sandwich,2023-10-08,64.0
Sandwich,2023-10-09,104.0
Sandwich,2023-10-10,72.0
Sandwich,2023-10-11,160.0
Sandwich,2023-10-12,72.0
Sandwich,2023-10-13,24.0
Sandwich,2023-10-14,32.0
Sandwich,2023-10-15,16.0
Sandwich,2023-10-16,48.0
Sandwich,2023-10-17,48.0
Sandwich,2023-10-18,48.0
Sandwich,2023-10-19,80.0
Sandwich,2023-10-20,72.0
Sandwich,2023-10-21,8.0
Sandwich,2023-10-22,8.0
Sandwich,2023-10-23,120.0
Sandwich,2023-10-24,48.0
Sandwich,2023-10-25,0.0
Sandwich,2023-10-26,64.0
Sandwich,2023-10-27,56.0
Sandwich,2023-10-28,16.0
Sandwich,2023-10-29,16.0
Sandwich,2023-10-30,40.0
Sandwich,2023-10-31,80.0
Sandwich,2023-11-01,0.0
Sandwich,2023-11-02,64.0
Sandwich,2023-11-03,56.0
Sandwich,2023-11-04,16.0
Sandwich,2023-11-05,0.0
Sandwich,2023-11-06,64.0
Sandwich,2023-11-07,48.0
Sandwich,2023-11-08,24.0
Sandwich,2023-11-09,80.0
Sandwich,2023-11-10,88.0
Sandwich,2023-11-11,40.0
Sandwich,2023-11-12,56.0
Sandwich,2023-11-13,32.0
Sandwich,2023-11-14,16.0
Sandwich,2023-11-15,56.0
Sandwich,2023-11-16,152.0
Sandwich,2023-11-17,64.0
Sandwich,2023-11-18,0.0
Sandwich,2023-11-19,24.0
Sandwich,2023-11-20,104.0
Sandwich,2023-11-21,56.0
Sandwich,2023-11-22,88.0
Sandwich,2023-11-23,48.0
Sandwich,2023-11-24,8.0
Sandwich,2023-11-25,16.0
Sandwich,2023-11-26,40.0
Sandwich,2023-11-27,104.0
Sandwich,2023-11-28,80.0
Sandwich,2023-11-29,72.0
Sandwich,2023-11-30,48.0
Sandwich,2023-12-01,56.0
Sandwich,2023-12-02,8.0
Sandwich,2023-12-03,24.0
Sandwich,2023-12-04,0.0
Sandwich,2023-12-05,64.0
Sandwich,2023-12-06,48.0
Sandwich,2023-12-07,48.0
Sandwich,2023-12-08,64.0
Sandwich,2023-12-09,8.0
Sandwich,2023-12-10,16.0
Sandwich,2023-12-11,88.0
Sandwich,2023-12-12,72.0
Sandwich,2023-12-13,80.0
Sandwich,2023-12-14,56.0
Sandwich,2023-12-15,104.0
Sandwich,2023-12-16,0.0
Sandwich,2023-12-17,0.0
Sandwich,2023-12-18,40.0
Sandwich,2023-12-19,80.0
Sandwich,2023-12-20,64.0
Sandwich,2023-12-21,24.0
Sandwich,2023-12-22,80.0
Sandwich,2023-12-23,40.0
Sandwich,2023-12-24,48.0
Sandwich,2023-12-25,104.0
Sandwich,2023-12-26,8.0
Sandwich,2023-12-27,88.0
Sandwich,2023-12-28,88.0
Sandwich,2023-12-29,168.0
Sandwich,2023-12-30,56.0
Sandwich,2023-12-31,24.0
Tea,2023-01-01,27.0
Tea,2023-01-02,42.0
Tea,2023-01-03,42.0
Tea,2023-01-04,27.0
Tea,2023-01-05,33.0
Tea,2023-01-06,42.0
Tea,2023-01-07,9.0
Tea,2023-01-08,6.0
Tea,2023-01-09,9.0
Tea,2023-01-10,33.0
Tea,2023-01-11,63.0
Tea,2023-01-12,45.0
Tea,2023-01-13,33.0
Tea,2023-01-14,12.0
Tea,2023-01-15,6.0
Tea,2023-01-16,42.0
Tea,2023-01-17,27.0
Tea,2023-01-18,48.0
Tea,2023-01-19,33.0
Tea,2023-01-20,30.0
Tea,2023-01-21,6.0
Tea,2023-01-22,21.0
Tea,2023-01-23,33.0
Tea,2023-01-24,27.0
Tea,2023-01-25,36.0
Tea,2023-01-26,36.0
Tea,2023-01-27,33.0
Tea,2023-01-28,12.0
Tea,2023-01-29,0.0
Tea,2023-01-30,27.0
Tea,2023-01-31,42.0
Tea,2023-02-01,24.0
Tea,2023-02-02,60.0
Tea,2023-02-03,15.0
Tea,2023-02-04,9.0
Tea,2023-02-05,9.0
Tea,2023-02-06,30.0
Tea,2023-02-07,45.0
Tea,2023-02-08,45.0
Tea,2023-02-09,15.0
Tea,2023-02-10,51.0
Tea,2023-02-11,6.0
Tea,2023-02-12,12.0
Tea,2023-02-13,18.0
Tea,2023-02-14,48.0
Tea,2023-02-15,15.0
Tea,2023-02-16,33.0
Tea,2023-02-17,21.0
Tea,2023-02-18,9.0
Tea,2023-02-19,24.0
Tea,2023-02-20,42.0
Tea,2023-02-21,24.0
Tea,2023-02-22,42.0
Tea,2023-02-23,45.0
Tea,2023-02-24,27.0
Tea,2023-02-25,15.0
Tea,2023-02-26,9.0
Tea,2023-02-27,54.0
Tea,2023-02-28,30.0
Tea,2023-03-01,36.0
Tea,2023-03-02,63.0
Tea,2023-03-03,6.0
Tea,2023-03-04,6.0
Tea,2023-03-05,15.0
Tea,2023-03-06,48.0
Tea,2023-03-07,24.0
Tea,2023-03-08,39.0
Tea,2023-03-09,36.0
Tea,2023-03-10,42.0
Tea,2023-03-11,6.0
Tea,2023-03-12,24.0
Tea,2023-03-13,39.0
Tea,2023-03-14,9.0
Tea,2023-03-15,48.0
Tea,2023-03-16,18.0
Tea,2023-03-17,27.0
Tea,2023-03-18,15.0
Tea,2023-03-19,0.0
Tea,2023-03-20,24.0
Tea,2023-03-21,12.0
Tea,2023-03-22,36.0
Tea,2023-03-23,36.0
Tea,2023-03-24,15.0
Tea,2023-03-25,12.0
Tea,2023-03-26,0.0
Tea,2023-03-27,39.0
Tea,2023-03-28,51.0
Tea,2023-03-29,30.0
Tea,2023-03-30,39.0
Tea,2023-03-31,33.0
Tea,2023-04-01,12.0
Tea,2023-04-02,6.0
Tea,2023-04-03,48.0
Tea,2023-04-04,9.0
Tea,2023-04-05,30.0
Tea,2023-04-06,27.0
Tea,2023-04-07,18.0
Tea,2023-04-08,9.0
Tea,2023-04-09,33.0
Tea,2023-04-10,42.0
Tea,2023-04-11,30.0
Tea,2023-04-12,9.0
Tea,2023-04-13,42.0
Tea,2023-04-14,45.0
Tea,2023-04-15,12.0
Tea,2023-04-16,9.0
Tea,2023-04-17,18.0
Tea,2023-04-18,18.0
Tea,2023-04-19,27.0
Tea,2023-04-20,48.0
Tea,2023-04-21,27.0
Tea,2023-04-22,0.0
Tea,2023-04-23,0.0
Tea,2023-04-24,45.0
Tea,2023-04-25,18.0
Tea,2023-04-26,21.0
Tea,2023-04-27,18.0
Tea,2023-04-28,21.0
Tea,2023-04-29,9.0
Tea,2023-04-30,9.0
Tea,2023-05-01,6.0
Tea,2023-05-02,39.0
Tea,2023-05-03,24.0
Tea,2023-05-04,18.0
Tea,2023-05-05,54.0
Tea,2023-05-06,9.0
Tea,2023-05-07,18.0
Tea,2023-05-08,39.0
Tea,2023-05-09,30.0
Tea,2023-05-10,48.0
Tea,2023-05-11,6.0
Tea,2023-05-12,36.0
Tea,2023-05-13,0.0
Tea,2023-05-14,9.0
Tea,2023-05-15,21.0
Tea,2023-05-16,24.0
Tea,2023-05-17,30.0
Tea,2023-05-18,24.0
Tea,2023-05-19,18.0
Tea,2023-05-20,12.0
Tea,2023-05-21,6.0
Tea,2023-05-22,42.0
Tea,2023-05-23,51.0
Tea,2023-05-24,39.0
Tea,2023-05-25,30.0
Tea,2023-05-26,24.0
Tea,2023-05-27,15.0
Tea,2023-05-28,3.0
Tea,2023-05-29,24.0
Tea,2023-05-30,6.0
Tea,2023-05-31,21.0
Tea,2023-06-01,57.0
Tea,2023-06-02,36.0
Tea,2023-06-03,0.0
Tea,2023-06-04,18.0
Tea,2023-06-05,18.0
Tea,2023-06-06,18.0
Tea,2023-06-07,24.0
Tea,2023-06-08,30.0
Tea,2023-06-09,24.0
Tea,2023-06-10,0.0
Tea,2023-06-11,21.0
Tea,2023-06-12,33.0
Tea,2023-06-13,36.0
Tea,2023-06-14,9.0
Tea,2023-06-15,30.0
Tea,2023-06-16,33.0
Tea,2023-06-17,15.0
Tea,2023-06-18,3.0
Tea,2023-06-19,30.0
Tea,2023-06-20,24.0
Tea,2023-06-21,45.0
Tea,2023-06-22,12.0
Tea,2023-06-23,33.0
Tea,2023-06-24,0.0
Tea,2023-06-25,0.0
Tea,2023-06-26,27.0
Tea,2023-06-27,9.0
Tea,2023-06-28,72.0
Tea,2023-06-29,30.0
Tea,2023-06-30,45.0
Tea,2023-07-01,3.0
Tea,2023-07-02,0.0
Tea,2023-07-03,9.0
Tea,2023-07-04,27.0
Tea,2023-07-05,18.0
Tea,2023-07-06,30.0
Tea,2023-07-07,24.0
Tea,2023-07-08,0.0
Tea,2023-07-09,0.0
Tea,2023-07-10,6.0
Tea,2023-07-11,21.0
Tea,2023-07-12,12.0
Tea,2023-07-13,33.0
Tea,2023-07-14,12.0
Tea,2023-07-15,3.0
Tea,2023-07-16,12.0
Tea,2023-07-17,12.0
Tea,2023-07-18,30.0
Tea,2023-07-19,18.0
Tea,2023-07-20,0.0
Tea,2023-07-21,36.0
Tea,2023-07-22,0.0
Tea,2023-07-23,15.0
Tea,2023-07-24,27.0
Tea,2023-07-25,15.0
Tea,2023-07-26,30.0
Tea,2023-07-27,45.0
Tea,2023-07-28,30.0
Tea,2023-07-29,21.0
Tea,2023-07-30,9.0
Tea,2023-07-31,18.0
Tea,2023-08-01,15.0
Tea,2023-08-02,45.0
Tea,2023-08-03,9.0
Tea,2023-08-04,60.0
Tea,2023-08-05,0.0
Tea,2023-08-06,9.0
Tea,2023-08-07,39.0
Tea,2023-08-08,42.0
Tea,2023-08-09,21.0
Tea,2023-08-10,27.0
Tea,2023-08-11,36.0
Tea,2023-08-12,6.0
Tea,2023-08-13,3.0
Tea,2023-08-14,54.0
Tea,2023-08-15,21.0
Tea,2023-08-16,6.0
Tea,2023-08-17,36.0
Tea,2023-08-18,48.0
Tea,2023-08-19,0.0
Tea,2023-08-20,24.0
Tea,2023-08-21,30.0
Tea,2023-08-22,33.0
Tea,2023-08-23,15.0
Tea,2023-08-24,27.0
Tea,2023-08-25,15.0
Tea,2023-08-26,0.0
Tea,2023-08-27,21.0
Tea,2023-08-28,24.0
Tea,2023-08-29,39.0
Tea,2023-08-30,6.0
Tea,2023-08-31,12.0
Tea,2023-09-01,51.0
Tea,2023-09-02,18.0
Tea,2023-09-03,12.0
Tea,2023-09-04,9.0
Tea,2023-09-05,15.0
Tea,2023-09-06,78.0
Tea,2023-09-07,39.0
Tea,2023-09-08,30.0
Tea,2023-09-09,39.0
Tea,2023-09-10,0.0
Tea,2023-09-11,18.0
Tea,2023-09-12,9.0
Tea,2023-09-13,33.0
Tea,2023-09-14,18.0
Tea,2023-09-15,48.0
Tea,2023-09-16,36.0
Tea,2023-09-17,6.0
Tea,2023-09-18,36.0
Tea,2023-09-19,3.0
Tea,2023-09-20,36.0
Tea,2023-09-21,12.0
Tea,2023-09-22,27.0
Tea,2023-09-23,6.0
Tea,2023-09-24,0.0
Tea,2023-09-25,45.0
Tea,2023-09-26,45.0
Tea,2023-09-27,45.0
Tea,2023-09-28,42.0
Tea,2023-09-29,33.0
Tea,2023-09-30,0.0
Tea,2023-10-01,9.0
Tea,2023-10-02,15.0
Tea,2023-10-03,3.0
Tea,2023-10-04,24.0
Tea,2023-10-05,18.0
Tea,2023-10-06,18.0
Tea,2023-10-07,0.0
Tea,2023-10-08,9.0
Tea,2023-10-09,48.0
Tea,2023-10-10,9.0
Tea,2023-10-11,30.0
Tea,2023-10-12,27.0
Tea,2023-10-13,42.0
Tea,2023-10-14,15.0
Tea,2023-10-15,27.0
Tea,2023-10-16,42.0
Tea,2023-10-17,36.0
Tea,2023-10-18,33.0
Tea,2023-10-19,21.0
Tea,2023-10-20,63.0
Tea,2023-10-21,18.0
Tea,2023-10-22,12.0
Tea,2023-10-23,36.0
Tea,2023-10-24,12.0
Tea,2023-10-25,39.0
Tea,2023-10-26,33.0
Tea,2023-10-27,15.0
Tea,2023-10-28,30.0
Tea,2023-10-29,15.0
Tea,2023-10-30,24.0
Tea,2023-10-31,42.0
Tea,2023-11-01,45.0
Tea,2023-11-02,15.0
Tea,2023-11-03,15.0
Tea,2023-11-04,3.0
Tea,2023-11-05,3.0
Tea,2023-11-06,42.0
Tea,2023-11-07,63.0
Tea,2023-11-08,36.0
Tea,2023-11-09,18.0
Tea,2023-11-10,27.0
Tea,2023-11-11,9.0
Tea,2023-11-12,6.0
Tea,2023-11-13,63.0
Tea,2023-11-14,66.0
Tea,2023-11-15,27.0
Tea,2023-11-16,60.0
Tea,2023-11-17,33.0
Tea,2023-11-18,21.0
Tea,2023-11-19,15.0
Tea,2023-11-20,42.0
Tea,2023-11-21,33.0
Tea,2023-11-22,12.0
Tea,2023-11-23,42.0
Tea,2023-11-24,12.0
Tea,2023-11-25,0.0
Tea,2023-11-26,0.0
Tea,2023-11-27,48.0
Tea,2023-11-28,18.0
Tea,2023-11-29,54.0
Tea,2023-11-30,27.0
Tea,2023-12-01,30.0
Tea,2023-12-02,15.0
Tea,2023-12-03,15.0
Tea,2023-12-04,42.0
Tea,2023-12-05,21.0
Tea,2023-12-06,27.0
Tea,2023-12-07,27.0
Tea,2023-12-08,42.0
Tea,2023-12-09,6.0
Tea,2023-12-10,6.0
Tea,2023-12-11,27.0
Tea,2023-12-12,81.0
Tea,2023-12-13,33.0
Tea,2023-12-14,33.0
Tea,2023-12-15,33.0
Tea,2023-12-16,6.0
Tea,2023-12-17,18.0
Tea,2023-12-18,45.0
Tea,2023-12-19,51.0
Tea,2023-12-20,27.0
Tea,2023-12-21,66.0
Tea,2023-12-22,18.0
Tea,2023-12-23,18.0
Tea,2023-12-24,12.0
Tea,2023-12-25,18.0
Tea,2023-12-26,24.0
Tea,2023-12-27,57.0
Tea,2023-12-28,21.0
Tea,2023-12-29,24.0
Tea,2023-12-30,3.0
Tea,2023-12-31,42.0
